section,score,title,authors,journal,date,preprint,doi,link,terms,source
Abiotic stress,18.0,Phytosulfokine signaling modulates salt stress responses and cell wall remodeling in Arabidopsis,"Debnath, J., Jiang, Z., van der Meer, T., Roosjen, M., Braun, N., Weijers, D., Testerink, C., Engelsdorf, T., Gigli-Bisceglia, N.",bioRxiv,2026-09-10,yes,10.64898/2026.09.07.749821,https://doi.org/10.64898/2026.09.07.749821,apoplast*; kinase*; MPK6; phosphoryl*; signaling; receptor*; salt stress; salinity; stress respon*; cell wall*; root; root growth; seed*; growth; development,Europe PMC
Abiotic stress,16.5,Systematic identification and functional characterization of EPF/EPFL peptides involved in drought stress responses in tobacco.,"Wen L, Xiong T, Xu W, Wan S, Long Y, Kong N, Guo Y, Wang K.",Plant physiology and biochemistry : PPB,2026-09-18,,10.1016/j.plaphy.2026.111771,https://doi.org/10.1016/j.plaphy.2026.111771,kinase*; MAPK*; phosphoryl*; signaling; small peptide*; abscisic acid; ABA; salt stress; osmotic stress; drought; stress respon*; stoma*; epiderm*; development; CRISPR,Europe PMC
Abiotic stress,16.5,Timing Determines Fate: Temporal Dynamics of Jasmonate Signaling Distinguish Adaptive from Maladaptive Salt Stress Responses in Rice,"Pawar N, Riemann M, Eiche E, Nick P.",bioRxiv,2026-10-05,yes,10.64898/2026.10.02.756191,https://doi.org/10.64898/2026.10.02.756191,signaling; signalling; jasmon*; JA; salt stress; salinity; osmotic stress; stress respon*; cell expansion; root; root growth; leaves; stoma*; shoot*; growth,Europe PMC
Abiotic stress,15.5,Responses of arbuscular mycorrhizal wheat to salinity: from symbiotic signaling to stress adaptation.,"Zamir H, Rauf F, Jamali ZH, Khan S, Zulfiqar U, Alotaibi MS, Muminov M, Abdusamatov S, Gururani MA, Korai SK.",Plant signaling & behavior,2026-09-23,,10.1080/15592324.2026.2733240,https://doi.org/10.1080/15592324.2026.2733240,Ca2+; reactive oxygen species; signaling; hormone*; mycorrhiz*; symbio*; microbiome*; salinity; osmotic stress; nutrient*; stress respon*; nuclear; growth; development,Europe PMC
Abiotic stress,14.5,Gibberellin-dependent brassinosteroid signaling modulates plant growth by optimizing nitrogen levels during salinity stress.,"Gupta S, Yadav RK, Pandey A, Gandhi N, Devi LL, Agarwal S, Singh K, Sen S, Shamnas V M, Sinha SK, Singh AP.",Plant physiology,2026-09-25,,10.1093/plphys/kiag720,https://doi.org/10.1093/plphys/kiag720,signaling; gibberellin*; GA; brassinosteroid*; salt stress; salinity; stress respon*; root; root growth; growth; development,Europe PMC
Abiotic stress,13.5,Integrated transcriptomic and metabolomic analyses reveal coordinated molecular responses associated with nano-enabled arbuscular mycorrhizal symbiosis for salt stress tolerance in rice.,"Joel JM, Johnson R, Puthur JT.",Plant physiology and biochemistry : PPB,2026-09-10,,10.1016/j.plaphy.2026.111744,https://doi.org/10.1016/j.plaphy.2026.111744,calcium; Ca2+; signaling; mycorrhiz*; symbio*; salt stress; salinity; NaCl; leaves; seed*; growth,Europe PMC
Abiotic stress,13.5,Molecular and Physiological Insights into CAT- and SOD-Associated Redox Homeostasis Under Salt Stress in Artemisia argyi.,"Nayab A, Ayub A, Urooj F, Ayub A, Ahmad K, Yipeng Z, Ahmed S, Sohail H, Wu Y.",International journal of molecular sciences,2026-08-29,,10.3390/ijms27177748,https://doi.org/10.3390/ijms27177748,ROS; reactive oxygen species; defense; salt stress; salinity; NaCl; stress respon*; organelle*; roots; leaves; stoma*; growth; development,Europe PMC
Abiotic stress,13.0,Overexpression of a rice phospholipase C gene (OsPLC1) in Arabidopsis thaliana improves salinity stress tolerance,"Yu M, Huang D, Yin X, Bai J, Cui B.",Research Square,2026-09-24,yes,10.21203/rs.3.rs-11029971/v1,https://doi.org/10.21203/rs.3.rs-11029971/v1,ROS; reactive oxygen species; signaling; salt stress; salinity; NaCl; leaves; seed*; germination; development,Europe PMC
Abiotic stress,12.5,Duckweeds under salt stress: a meta‐analysis of growth inhibition in relation to morphological and physiological traits and a systematic review of molecular responses,"Branco Bueno S, Pita‐Barbosa A, Roschildt AP, Burd Villanova D, Cardozo de Mello J, Lindor A, Sausen TL, Borella J",New Phytologist,2026-09-17,,10.1111/nph.71591,https://doi.org/10.1111/nph.71591,Ca 2+; ROS; signaling; ABA; defense; salt stress; salinity; NaCl; growth,Crossref
Abiotic stress,12.0,"GABA‐TaGAD6 Signaling Mediates Salt Tolerance in Wheat via Regulation of Antioxidant Defense, Ion Transport, and Autophagic Activity","Yue J, Jie X, Gao Z, Zhai P, Wang H, Song G.",Physiologia Plantarum,2026-01-01,,,https://europepmc.org/article/AGR/IND609463050,ROS; calmodulin*; signaling; defense; salt stress; salinity; NaCl; autophagy; root; leaf; leaves; seed*; growth,Europe PMC
Abiotic stress,11.5,CRISPR/dCas9‐Mediated BRL3 Activation Enhances Growth and Metabolic Resilience Under Osmotic Stress in Nicotiana tabacum,"Parada F, Cabedo‐Díaz P, Cerda A, Osorio‐Navarro C, Toledo JA, Villalobos‐González L, Handford M, Pimentel P.",Physiologia Plantarum,2026-01-01,,,https://europepmc.org/article/AGR/IND609463084,signaling; receptor*; ABA; brassinosteroid*; hormone*; osmotic stress; root; leaf; leaves; growth; segmentation; CRISPR,Europe PMC
Abiotic stress,11.5,Nano ZnO Alleviates Salt Stress in Rapeseed Seedlings via Ionic Homeostasis and Antioxidant Enhancement,"Zheng L, Zhang X, Zhang Y, Wu Y, Batool M, Bai F, Zhang M, Wang J, Kuai J, Zhao J, Xu Z, Wang B, Zhou G.",Physiologia Plantarum,2026-01-01,,,https://europepmc.org/article/AGR/IND609463060,ROS; reactive oxygen species; salt stress; salinity; NaCl; root; root tip*; leaf; seed*; growth,Europe PMC
Abiotic stress,11.5,Functional Characterization of MeJA‐Induced OjTIFY2 in Mediating Salt Stress Tolerance in Oenanthe javanica,"Zhao S, Fan X, Li F, Chen S, Niu Q, Wu P, Feng K, Li L.",Physiologia Plantarum,2026-01-01,,,https://europepmc.org/article/AGR/IND609487771,ROS; signal transduction; MeJA; hormone*; salt stress; salinity; nucleus; seed*; germination; growth; development,Europe PMC
Abiotic stress,11.0,OsERF5 enhances cold tolerance and is associated with GA‑mediated antioxidant defence in rice.,"Hou Y, Kong X, Le J, Yang R, Qi N, Wang J, Liu H, Zheng H, Xin W, Zou D, Lei L, Yang L.",TAG. Theoretical and applied genetics. Theoretische und angewandte Genetik,2026-09-23,,10.1007/s00122-026-05385-5,https://doi.org/10.1007/s00122-026-05385-5,reactive oxygen species; signalling; gibberellin*; GA; defence; salinity; osmotic stress; cold stress; nuclear; seed*; growth,Europe PMC
Abiotic stress,11.0,"Effects of dopamine on reducing salt stress damage in pepper (Capsicum annuum L.) at morphological, physiological, biochemical, and molecular levels","Ucar S, Yaprak E, Ekinci M, Yuce M, Aydın M, Turan M, Yigider E, Agar G, Akca M, Vicas SI, Yildirim E.",Annals of applied biology.,2026-07-01,,,https://europepmc.org/article/AGR/IND609488866,calcium; Ca²⁺; defence; salt stress; NaCl; stress respon*; leaf; stem; stoma*; seed*; growth,Europe PMC
Abiotic stress,11.0,The E2 ubiquitin-conjugating enzymes OsUBC11 and OsUBC12 promote rice seed germination by ubiquitinating and destabilizing OsABI3 in the ABA signaling pathway.,"Xie TC, Qing T, Yang C, Wang JM, Lu HP, Liu JX.",The Plant journal : for cell and molecular biology,2026-09-01,,10.1111/tpj.71096,https://doi.org/10.1111/tpj.71096,signaling; ubiquitin*; ABA; salt stress; NaCl; osmotic stress; stress respon*; seed*; germination; development,Europe PMC
Abiotic stress,10.5,The OsRFP1-OsMYB61 module regulates rice drought tolerance by modulating the transcription of ABA- and drought-responsive genes.,"Li X, Xu B, Jia X, Cao X, Sun W, Wang W, Yang S, Yan T, Du H, Guo G, Bi C.",Plant science : an international journal of experimental plant biology,2026-09-09,,10.1016/j.plantsci.2026.113443,https://doi.org/10.1016/j.plantsci.2026.113443,ubiquitin*; ABA; osmotic stress; drought; stress respon*; nucleus; leaves; stoma*; guard cell*; CRISPR,Europe PMC
Abiotic stress,10.5,OsBTBZ1 Regulates Nitrate Transport in Arabidopsis thaliana via NRT2.1 Modulation Under Salt Stress.,"Soulard L, Khunpolwattana N, Punchkhon C, Saputro TB, Comai L, Buaboocha T, Chadchawan S.",International journal of molecular sciences,2026-09-14,,10.3390/ijms27188180,https://doi.org/10.3390/ijms27188180,salt stress; salinity; nitrate; nutrient*; stress respon*; root; root growth; growth; development,Europe PMC
Abiotic stress,10.5,Morphology-dependent efficacy of Chlorella vulgaris biostimulants in alleviating salinity stress in rice,"Zhang J, Liu Y, Liu H, Luo G, Yin L.",Research Square,2026-09-07,yes,10.21203/rs.3.rs-10799538/v1,https://doi.org/10.21203/rs.3.rs-10799538/v1,ROS; reactive oxygen species; salt stress; salinity; NaCl; seed*; growth,Europe PMC
Abiotic stress,10.0,Overexpression of SeTIP2;3 and SePIP1;4 from Salicornia europaea Enhances Drought Tolerance in Arabidopsis.,"Zhang R, Li Y, Shen J, Cui G, Song B, Wu F, Xu L, Yang H, Duan H.",International journal of molecular sciences,2026-09-09,,10.3390/ijms27188010,https://doi.org/10.3390/ijms27188010,signaling; drought; nutrient*; stress respon*; plasma membrane; tonoplast; roots; primary root*; shoot*; germination,Europe PMC
Abiotic stress,10.0,Engineering a TurboID-based proximity labeling tool to track the dynamic secretomes under salt stress.,"Lin D, Zheng Z, Song J, Qiao L, Liu C, Li X, Feng L, Zhou J, Li H, Gao C.",The New phytologist,2026-09-29,,10.1111/nph.71614,https://doi.org/10.1111/nph.71614,apoplast*; salt stress; NaCl; cell wall*; endoplasmic reticulum; ER; Golgi; development,Europe PMC
Abiotic stress,10.0,OsRVE1 and OsRVE2 Promote Salinity Tolerance in Rice by Directly Activating OsSAPK5 and Modulating ABA Signalling,"Shi C, Guo M, Hu B, Yan M, Hou Z, Fang S, Li Y, Wang M, Miao J, Cheng J, Zu W, Fang X, Wang Z, Qin R, Zhang W, Niu X, Qin Y","Plant, Cell & Environment",2026-10-05,,10.1111/pce.70952,https://doi.org/10.1111/pce.70952,signalling; abscisic acid; ABA; salt stress; salinity; stress respon*; nucleus; stoma*,Crossref
Abiotic stress,9.5,A phosphatidic acid-based retrograde signaling pathway responsive to abiotic stress in Arabidopsis.,"Hiser C, Cook R, Mugume Y, Froehlich JE, Benning C.",The Plant journal : for cell and molecular biology,2026-09-01,,10.1111/tpj.71107,https://doi.org/10.1111/tpj.71107,phosphatase*; signaling; abscisic acid; osmotic stress; freezing; stress respon*; nucleus; chloroplast*; growth,Europe PMC
Abiotic stress,9.5,Integrative Physiological and Transcriptomic Analyses of Oat (Avena sativa L.) Seedlings Under Severe Salt Stress.,"Qiu R, Zhang X, Kong X, Zhao W, Zhao Q, Chu Y, Tuluohong M, Wang B, Cui G, Li B.","Plants (Basel, Switzerland)",2026-09-03,,10.3390/plants15172712,https://doi.org/10.3390/plants15172712,salt sens*; salt stress; NaCl; stress respon*; seed*; germination; growth; development,Europe PMC
Abiotic stress,9.0,Generating drought- and salt-tolerant tomato germplasm through bioengineering of the ethylene response factor SlERF.J2.,"Chen YN, Huang SY, Wang ZY, Sun YH, Wang BY, Gao J, Wan FX, Tao JP, Zhuang J, Wang GL, Xiong AS.",Engineering in life sciences,2026-06-27,,10.48130/els-0026-0003,https://doi.org/10.48130/els-0026-0003,hydrogen peroxide; ethylene; hormone*; salt stress; salinity; drought; stress respon*; cell division; leaf; seed*; growth; development; CRISPR,Europe PMC
Abiotic stress,9.0,Exogenous Application of Cellulose-Based Materials for Improved Plant Fitness.,"Komarova T, Kamarova K, Taliansky M.",International journal of molecular sciences,2026-08-26,,10.3390/ijms27177629,https://doi.org/10.3390/ijms27177629,reactive oxygen species; signaling; pathogen*; defense; drought; cold stress; freezing; stoma*; flowering; growth,Europe PMC
Abiotic stress,9.0,Arabidopsis STN7/STN8 alleviates oxidative damages via different regulatory patterns under drought stress.,"Mao HT, Qin Y, Chen LX, Zhang YC, Wang FY, Yuan S, Haider S, Chen YE.",The Plant journal : for cell and molecular biology,2026-09-01,,10.1111/tpj.71101,https://doi.org/10.1111/tpj.71101,ROS; kinase*; phosphoryl*; osmotic stress; drought; growth,Europe PMC
Abiotic stress,9.0,Comprehensive analysis of ABA-aldehyde oxidase genes associated with drought and salt stress tolerance in wheat (Triticum aestivum L.).,"Fan Z, Ma Y, Sun X, Lu X, Song Y, Liu H.",Frontiers in plant science,2026-08-31,,10.3389/fpls.2026.1897567,https://doi.org/10.3389/fpls.2026.1897567,ABA; MeJA; salt stress; drought; stress respon*; growth,Europe PMC
Abiotic stress,9.0,Non-Thermal Plasma-Mediated Redox Signaling and Microbiome Interactions for Abiotic Stress Adaptation: Molecular Insights and Future Prospects for Sustainable Agriculture.,"Javed R, Ji G, Sun Q, Huang F.",International journal of molecular sciences,2026-08-26,,10.3390/ijms27177656,https://doi.org/10.3390/ijms27177656,MAPK*; signaling; phytohormone*; microbiome*; defense; salinity; drought; nutrient*; heavy metal*; stress respon*; root; seed*; growth,Europe PMC
Abiotic stress,9.0,The Response of Leaf Tissues of the C₄ Euhalophyte Suaeda altissima (L.) Pall. To Salinity Stress,"Khalilova L, Shuyskaya E, Prokofieva M, Balnokin Y.",Physiologia Plantarum,2026-01-01,,,https://europepmc.org/article/AGR/IND609487773,immun*; salinity; NaCl; chloroplast*; leaf; leaves; growth; microscop*,Europe PMC
Abiotic stress,9.0,Root‐sourced 1‐aminocyclopropane‐1‐carboxylic acid modulates development and adaptive responses to salinity in tomato,"Martín‐Rodríguez JA, Martínez‐Melgarejo PA, Guillamón J, Prudencio ÁS, Guerrero JJ, Larriba E, Pérez‐Pérez JM, Olmos E, Peres LEP, Martínez‐Andújar C, Pérez‐Alfocea F",The Plant Journal,2026-10,,10.1111/tpj.71133,https://doi.org/10.1111/tpj.71133,signalling; ABA; GA; ethylene; salt stress; salinity; root; leaf; leaves; growth; development,Crossref
Abiotic stress,8.5,Genome-Wide Identification and Expression Analysis of Kinase Proteins in Land Plants and Their Expression in Gossypium hirsutum Under Salt Stress.,"Nazar A, Hussain A, Ali MA, Shoukat A, Ali N, Zaib-Un-Nisa.",Molecular biotechnology,2026-09-28,,10.1007/s12033-026-01613-x,https://doi.org/10.1007/s12033-026-01613-x,kinase*; phosphoryl*; Xanthomonas; salt stress; salinity; stress respon*; roots; seed*,Europe PMC
Abiotic stress,8.5,"Silicon enhances salinity tolerance in tomato (Solanum lycopersicum L.) through physiological, biochemical, and ionic regulation.","Badawy I, Mohamed HI, Fouda H, Elnosary ME, Sofy MR.",BMC plant biology,2026-09-09,,10.1186/s12870-026-09859-y,https://doi.org/10.1186/s12870-026-09859-y,hydrogen peroxide; defense; salt stress; salinity; NaCl; nutrient*; growth,Europe PMC
Abiotic stress,8.5,Fungal-derived nanoparticles confer cadmium tolerance in maize through transcriptional reconfiguration and microbiome modulation.,"Rahman SU, Khalid M, Rehman A, Liaquat F, Zhao C, Liu X, Wang P, Zhang W, Khan R, Ahmad N, Amaran NB, Hui N.",Bioresource technology,2026-09-15,,10.1016/j.biortech.2026.135862,https://doi.org/10.1016/j.biortech.2026.135862,signaling; ethylene; jasmon*; microbiome*; defense; heavy metal*; cadmium; leaf; microscop*,Europe PMC
Abiotic stress,8.5,Integrated genomic and functional characterization of salt stress adaptation and plant growth-promoting traits in the newly isolated Kosakonia cowanii strain T6-2,"Ahmmed E, Xiong Q, Yang X, Qin B, Xu H, Zhang L.",Research Square,2026-09-11,yes,10.21203/rs.3.rs-10762813/v1,https://doi.org/10.21203/rs.3.rs-10762813/v1,IAA; phytohormone*; salt stress; salinity; NaCl; osmotic stress; nutrient*; root; germination; growth,Europe PMC
Abiotic stress,8.5,Quantitative phosphoproteomics profiling reveals RNA binding proteins GhRS2Z32 and GhGRP7 response to cold stress in cotton.,"Jin X, Wu Q, Dong Y, Wang X, Shen W, Liu R, Shen Q, Liu S, Wang L, Ma H, Zhang S, Pang C, Ge C.",Journal of plant physiology,2026-09-21,,10.1016/j.jplph.2026.154879,https://doi.org/10.1016/j.jplph.2026.154879,reactive oxygen species; phosphoryl*; signal transduction; cold stress; freezing; growth; development,Europe PMC
Abiotic stress,8.5,"Cajal bodies shape the nuclear transcriptome, intron retention and transcripts redistribution in Arabidopsis roots under hypoxia","Górka S, Kubiak DJ, Szcześniak M, Kolowerzo-Lubnau A, Zienkiewicz A, Dombek D, Kowalczyk SK, Niedojadło K, Niedojadło J.",bioRxiv,2026-10-05,yes,10.64898/2026.10.02.756184,https://doi.org/10.64898/2026.10.02.756184,hypoxia; stress respon*; nucleus; nuclear; roots,Europe PMC
Abiotic stress,8.5,Aconserved salt-stress co-expression network in japonica rice reveals partially dissociated hub gene connectivity and transcriptional induction.,"Xie K, Hou S, Li NN, Liu M, Xin FG, Tian RM, Bai J, Cong YZ, Li G, Li RF, Ding HF, Yang YY.",Frontiers in plant science,2026-09-14,,10.3389/fpls.2026.1914311,https://doi.org/10.3389/fpls.2026.1914311,MAPK*; signal transduction; signaling; hormone*; salt stress; salinity; NaCl; stress respon*; leaf; growth,Europe PMC
Abiotic stress,8.5,Genome-Wide Characterization of the DUF966 Gene Family in Rice and Functional Analysis of OsDSR6 via Overexpression.,"Wang Y, Liao T, Xiao D, Su J, Yang J, Tang H, Luo C.",Plant science : an international journal of experimental plant biology,2026-10-03,,10.1016/j.plantsci.2026.113481,https://doi.org/10.1016/j.plantsci.2026.113481,abscisic acid; ABA; jasmon*; MeJA; salt stress; salinity; drought; stress respon*; plasma membrane; leaf; leaves,Europe PMC
Abiotic stress,8.5,Time-Course Transcriptomic Analysis Identifies MsTIFY11B as a Promising Candidate Regulator of Salt-Alkali Tolerance in Alfalfa (Medicago sativa L.).,"Cheng L, Liu Y, Liu Q, Li D, Chen Y, Chen J, He Y, Wang W.","Plants (Basel, Switzerland)",2026-09-04,,10.3390/plants15172714,https://doi.org/10.3390/plants15172714,signal transduction; hormone*; salt stress; salinity; NaCl; drought; cell wall*; nucleus; leaves; development,Europe PMC
Abiotic stress,8.5,Beneficial Microbes in Plant Salinity Stress Responses: Integrating Correlative Evidence With Mechanistic Frameworks,"Chakrovarty A, Singh AK, Pandey AK.",Physiologia Plantarum,2026-01-01,,,https://europepmc.org/article/AGR/IND609487788,signaling; hormone*; endophyt*; salinity; stress respon*; root; root architecture; growth,Europe PMC
Abiotic stress,8.5,Lignification-associated cell-wall responses contribute to cadmium tolerance in moso bamboo (Phyllostachys edulis).,"Wei L, Huang LJ, Kuzyakov Y, Cui C, Huang J, Li N.",Tree physiology,2026-09-08,,10.1093/treephys/tpag127,https://doi.org/10.1093/treephys/tpag127,heavy metal*; cadmium; stress respon*; cell wall*; root; roots; leaf; leaves; seed*; growth,Europe PMC
Abiotic stress,8.0,Heat stress responses of plants during adaptation to high temperature environments: A review of recent advances and insights.,"Wei X, Zhang H, Ma R, Zang J, Wang Y, Yu C.",Plant signaling & behavior,2026-09-20,,10.1080/15592324.2026.2735211,https://doi.org/10.1080/15592324.2026.2735211,signaling; second messenger*; heat stress; stress respon*; stem; stem cell*; growth; development,Europe PMC
Abiotic stress,8.0,LncRNA MtCIR2 Negatively Regulates Response of Medicago truncatula Seedlings to Salt Stress by Targeting SOS2-Dependent Na Efflux via H2A Ubiquitination.,"Sun X, Tian R, Zhao M, Zhang WH.","Plant, cell & environment",2026-09-23,,10.1111/pce.70904,https://doi.org/10.1111/pce.70904,kinase*; ubiquitin*; ABA; GA; salt stress; seed*; germination,Europe PMC
Abiotic stress,8.0,Metabolic Regulations of Glycine max Induced by Potassium Nanoparticles Under Simulated Salinity Conditions: A Comparative Morpho‐Physiological Aspect,"Huang X, Hani Ue, Tariq T, Hussain K, Batool S, Mustafa G, Ghorbanpour M, Hasan M.",Physiologia Plantarum,2026-01-01,,,https://europepmc.org/article/AGR/IND609487749,defense; salt stress; salinity; NaCl; root; leaf; leaves; shoot*; seed*; growth; microscop*,Europe PMC
Abiotic stress,8.0,"Integrated Multi-Omics Analysis Reveals the Involvement of Alanine, Aspartate and Glutamate Metabolism in Wheat Responses to Salt Stress.","Shang J, Wang J, Ma X, Li X, Zhang H, Wang H, Yao L, Li B.","Plants (Basel, Switzerland)",2026-09-11,,10.3390/plants15182783,https://doi.org/10.3390/plants15182783,salt sens*; salt stress; salinity; roots; growth,Europe PMC
Abiotic stress,8.0,Unveiling the Interplay: Salinity‐Modulated Defence Mechanisms in Medicago truncatula Against Phoma medicaginis Infection,"Chaouachi M, Nouairi I, Khiari B, Badri M, Rickauer M, Gentzbittel L, Ben C, Djébali N.",Plant Pathology,2026-01-01,,,https://europepmc.org/article/AGR/IND609463161,jasmon*; salicylic acid; pathogen*; defence; salt stress; salinity; NaCl; roots; leaves; growth,Europe PMC
Abiotic stress,8.0,OsbZIP60 Positively Regulates Salt-Stress Tolerance in Rice.,"Tang L, Fan H, Wang J, Zhong K, Liu K, Han M, Song J.",International journal of molecular sciences,2026-09-12,,10.3390/ijms27188143,https://doi.org/10.3390/ijms27188143,abscisic acid; ABA; defense; salt stress; salinity; stress respon*; nucleus; growth,Europe PMC
Abiotic stress,8.0,B-box zinc finger transcription factor SlBBX6 negatively regulates drought and salt stress tolerance in tomato.,"Li W, Wang J, Wang H, Cao X, Xia D, Li J, Cheng D, Wang B, Yu J.",Gene,2026-09-12,,10.1016/j.gene.2026.150390,https://doi.org/10.1016/j.gene.2026.150390,signaling; abscisic acid; ABA; defense; salt stress; drought; stress respon*; flowering; growth; CRISPR,Europe PMC
Abiotic stress,8.0,Alternative Polyadenylation Landscape Highlights its Critical Roles in Fine-tuning Cadmium Stress Response in Rice,"Zhang Z, He T, Luo S, Xiao B.",Research Square,2026-09-15,yes,10.21203/rs.3.rs-10196838/v1,https://doi.org/10.21203/rs.3.rs-10196838/v1,reactive oxygen species; signal transduction; cadmium; stress respon*; roots; shoot*; growth; development,Europe PMC
Abiotic stress,8.0,Regulation of Storage Reserve Mobilization and Energy Metabolism in Castor Seeds via ZnO‐NPs Priming Under Salt Stress,"Han P, Gao B, Danilov D, Kryukovskiy A, Lin J, Wang J.",Physiologia Plantarum,2026-01-01,,,https://europepmc.org/article/AGR/IND609463122,salt stress; salinity; NaCl; stress respon*; cotyledon*; seed*; growth,Europe PMC
Abiotic stress,7.5,Halotolerant plant growth-promoting bacteria isolated from Opuntia dillenii (Ker Gawl) Haw (Cactaceae) may enhance tomato growth under salinity stress in greenhouse conditions.,"Brun YK, Noumavo ADP, Colombet J, Turali S, Baba-Moussa L, Lefort F.",Archives of microbiology,2026-09-26,,10.1007/s00203-026-05229-2,https://doi.org/10.1007/s00203-026-05229-2,salt stress; salinity; NaCl; root; leaf; shoot*; germination; growth,Europe PMC
Abiotic stress,7.5,Soybean Growth and Nodulation Under Mars-Like Magnesium Sulfate Concentrations,"Miranda-Costa, C. F., Avelino, A. P., Hotta, C. T.",bioRxiv,2026-09-14,yes,10.64898/2026.09.10.750807,https://doi.org/10.64898/2026.09.10.750807,symbio*; salinity; osmotic stress; nutrient*; stress respon*; root; leaves; shoot*; growth,Europe PMC
Abiotic stress,7.5,Genome-Wide Identification and Expression Pattern of the ANK Gene Family in Sorghum bicolor Under Salt Stress.,"Cui C, Chen X, Wang J, Yao Q, Wang C, Ren S, Xie K.",International journal of molecular sciences,2026-08-31,,10.3390/ijms27177810,https://doi.org/10.3390/ijms27177810,MeJA; hormone*; salt stress; NaCl; stress respon*; leaves; development,Europe PMC
Abiotic stress,7.5,A NAC-MYB-cysteine regulatory module enhances drought and salt tolerance in soybean.,"Zhang N, Liu J, Lv W, Li Y, Zheng Y, Shi Q, Chang F, Zhang H, Jia S, Cui J, Cheng Q, Aleem M, Almakas A, Zhao T, Feng J, Zhao J.",Journal of integrative plant biology,2026-10-04,,10.1111/jipb.70410,https://doi.org/10.1111/jipb.70410,reactive oxygen species; salinity; drought; stress respon*; nucleus; growth,Europe PMC
Abiotic stress,7.5,Comparative Effects of High-Molecular-Weight Chitosan and Chitosan Oligosaccharide Lactate on Metabolic Adjustment and Salinity Tolerance in Cucumis sativus L.,"Hawrylak-Nowak B, Stasińska-Jakubas M, Sawicki J, Matraszek-Gawron R, Jarmulska W, Czelej-Wrzesień M, Dresler S.","Molecules (Basel, Switzerland)",2026-09-17,,10.3390/molecules31183306,https://doi.org/10.3390/molecules31183306,salt stress; salinity; NaCl; root; leaf; shoot*; growth,Europe PMC
Abiotic stress,7.5,"Cytorrhysis under drought, osmotic and freezing stress.","Stegner M, Fehringer K, Flörl A, Strasser AL, Lindner J, Plangger S, Schäfernolte T, Thoma V, Neuner G, Lang I.",Protoplasma,2026-09-19,,10.1007/s00709-026-02263-1,https://doi.org/10.1007/s00709-026-02263-1,drought; freezing; cell wall*; plasma membrane; seed*; microscop*,Europe PMC
Abiotic stress,7.5,Melatonin-mediated alleviation of salinity stress in diverse mango (Mangifera indica L.) rootstock genotypes.,"Kumari I, Prakash J, Singh K, Awasthi OP, Rane P, Jain S, S CT, Kumar G, Kumar V, N AK, Praveena B, Kumar S, Asrey R, Singh D, Kumar RR.",Frontiers in plant science,2026-08-26,,10.3389/fpls.2026.1873066,https://doi.org/10.3389/fpls.2026.1873066,defense; salt stress; salinity; NaCl; leaf; growth; development,Europe PMC
Abiotic stress,7.5,Arbuscular mycorrhizal fungi and hydraulic–thermal coordination under combined drought and heat stress in soybean,"Liu Y, Toyota M",Journal of Experimental Botany,2026-10-08,,10.1093/jxb/erag501,https://doi.org/10.1093/jxb/erag501,signaling; mycorrhiz*; drought; heat stress; stoma*,Crossref
Abiotic stress,7.0,From acidic extreme environments to agriculture: a multi-stress-tolerant Talaromyces pseudofuniculosus enhances soybean growth under abiotic stress,"Staiano, I., Castaldi, s., Masi, M., Salvatore, M. M., de Tommasis, G., Gentile, M. C., Andolfi, A., Cimmino, A., Isticato, R.",bioRxiv,2026-10-06,yes,10.64898/2026.10.06.756979,https://doi.org/10.64898/2026.10.06.756979,auxin*; salinity; NaCl; heavy metal*; roots; seed*; growth; development,Europe PMC
Abiotic stress,7.0,A brassinosteroid signaling protein acts as an integrative regulator of K+ and Na+ transport in rice response to salt stress.,"Chen D, Tian Q, Wu Q, Cao H, Ding K, Jing W, Jing C, Tang X, Zhang W, Yuan J, Zhang Q, Zhang W, Shen L.",The Plant cell,2026-09-01,,10.1093/plcell/koag274,https://doi.org/10.1093/plcell/koag274,signaling; brassinosteroid*; salt stress; root; xylem,Europe PMC
Abiotic stress,7.0,"Physiological, Transcriptional, and Metabolic Responses Associated with Pyrophosphate-Mediated Alleviation of Cadmium Stress in Arabidopsis.","Yang Y, Wang L, He P, Wang J, Wang C, Wang C, Jiao Z.","Plants (Basel, Switzerland)",2026-09-19,,10.3390/plants15182864,https://doi.org/10.3390/plants15182864,H2O2; nitrate; heavy metal*; cadmium; cell wall*; seed*; growth,Europe PMC
Abiotic stress,7.0,Transcriptional Response of Rice Phytocystatin Family Genes to Cold Stress.,"Li M, Yang T, Kong D, Xu J.",Genes,2026-08-29,,10.3390/genes17091037,https://doi.org/10.3390/genes17091037,abscisic acid; ABA; cold stress; stress respon*; root; roots; leaf; leaves; development,Europe PMC
Abiotic stress,7.0,Phylogenetic and Functional Analyses of Wheat TaMAN Genes Responding to Salinity and Pathogens.,"Wang Y, Wang Y, Li J, Lei M, Xie Z, Liu X.",Biology,2026-09-01,,10.3390/biology15171476,https://doi.org/10.3390/biology15171476,hormone*; pathogen*; salt stress; salinity; stress respon*; cell wall*; growth,Europe PMC
Abiotic stress,7.0,"Biochemical Adaptations of Zea mays L. to Abiotic Stress: A Focus on Drought, Salinity, and Heavy Metals","Ifie S, Okon M, Kwizera E, Musyoka A, Robert S, Ojiakor V, Oviosun A, Ugwu C, Miruka C, Ifie J, Odoma S, Babangida A, Aja P.","Plant-environment interactions (Hoboken, N.J.)",2026-10-01,,,https://europepmc.org/article/PMC/PMC13643037,salinity; drought; heavy metal*,Europe PMC
Abiotic stress,7.0,Calcium Sources Mitigate Salt Stress and Improve the Physiological and Productive Performance of Bell Peppers.,"Rocha DFD, Ferreira ES, Silva AGD, Araújo AGR, Fernandes GM, Alves EA, Pinto FFB, Gurgel PHA, Morais FMDS, Oliveira FA, Dias NDS, Ferreira Neto M, Batista RO, Gheyi HR, Melo AS, Souto AGL.","Plants (Basel, Switzerland)",2026-08-27,,10.3390/plants15172620,https://doi.org/10.3390/plants15172620,calcium; salt stress; salinity; nitrate; stoma*,Europe PMC
Abiotic stress,7.0,Genome-Wide Characterization of the Apple HD-Zip IV Gene Family and Functional Validation of MdHDZIV3 Under PEG-Induced Osmotic Stress.,"Yang A, Tong X, Ma S, Liu C, Wang B, Guo L, Li H, He Z, Kang L, Han X, Zhang C.","Plants (Basel, Switzerland)",2026-08-31,,10.3390/plants15172670,https://doi.org/10.3390/plants15172670,signaling; salt stress; NaCl; osmotic stress; leaf; bark; epiderm*; development,Europe PMC
Abiotic stress,7.0,Effects of ectomycorrhizal fungi on the physiological and ecological characteristics of Larix gmelinii under salt stress.,"Wang Y, Zhang Y, Yang W, Wang F, Qu L.",Mycorrhiza,2026-09-17,,10.1007/s00572-026-01313-z,https://doi.org/10.1007/s00572-026-01313-z,reactive oxygen species; defense; salt stress; NaCl; roots; stoma*; shoot*; seed*; growth; development,Europe PMC
Abiotic stress,7.0,The Bermudagrass CdbZIPs‐CdsHSP16.970 Regulatory Module Enhances Osmotic Stress Tolerance in Arabidopsis,"Yang D, Wang W, Yi X, Wu S, Liu L(, Lai J, Wu M, Fang Z, Yin G, Yao NK, Xiang L, Wang Y, Chan Z.",Physiologia Plantarum,2026-01-01,,,https://europepmc.org/article/AGR/IND609463080,signaling; osmotic stress; drought; root; seed*; growth,Europe PMC
Abiotic stress,7.0,Plant U-box E3 ligases: Versatile regulators of environmental stress adaptation and ABA signaling.,"Fang Y, Wu H, Wang Y, Fan Y, Yin K, Wang Y.",Plant science : an international journal of experimental plant biology,2026-09-07,,10.1016/j.plantsci.2026.113439,https://doi.org/10.1016/j.plantsci.2026.113439,signaling; ubiquitin*; ABA; salinity; drought; heavy metal*,Europe PMC
Abiotic stress,7.0,"Zinc Sulfate‐Mediated Modulation of Growth, Physiology, Yield, and Metabolome in Capsicum annuum L. Under Salinity Stress","Singh A, Choudhary KK.",Physiologia Plantarum,2026-01-01,,,https://europepmc.org/article/AGR/IND609463119,ROS; signaling; defense; salinity; NaCl; stoma*; growth,Europe PMC
Abiotic stress,7.0,Halotolerant Bacterial Inoculation Mitigates Salinity‐Induced Morpho‐Physiological Stress in Rhodes Grass (Chloris gayana K.),"Yañez Yazlle MF, Ribotta AN, Cervetto JJ, Carrizo IM, Schenfeld E, Gomez D, Irazusta VP, Grunberg K, López‐Colomba E.",Physiologia Plantarum,2026-01-01,,,https://europepmc.org/article/AGR/IND609463062,Ca²⁺; salt stress; salinity; NaCl; root; leaf; seed*; germination; growth,Europe PMC
Abiotic stress,7.0,"Physiological Resilience, Ionic Homeostasis and Stress-Adaptive Responses Underlying Salinity Tolerance in Citrus Cultivars","Rani S, Dalal RPS, Parkash R, Baghel M.",Research Square,2026-09-09,yes,10.21203/rs.3.rs-10111681/v1,https://doi.org/10.21203/rs.3.rs-10111681/v1,Ca2+; salt stress; salinity; stress respon*; roots; leaf; leaves; growth,Europe PMC
Abiotic stress,7.0,GmCCD4 Acts as a Molecular Hub Balancing Drought Tolerance and Branch Growth in Soybean via ABA‐Mediated Signalling,"Xie S, Wang X, Liu H, Yu H, Zhang Y, Feng X, Gao J.","Plant, Cell & Environment",2026-09-30,,10.1111/pce.70930,https://doi.org/10.1111/pce.70930,signalling; ABA; drought; stress respon*; growth; development,Crossref
Abiotic stress,7.0,Divergent Biochemical Strategies and Organ‐Specific Metabolic Adjustments in Spinach Mediated by Exogenous Amino Acids Under Salt Stress,"Turfan N, Tekşen K, Altuner EM, Yıldız F, Kaya O.",Physiologia Plantarum,2026-01-01,,,https://europepmc.org/article/AGR/IND609463053,calcium; defense; salt stress; salinity; roots; leaves,Europe PMC
Abiotic stress,6.5,Lipidomic and transcriptomic analyses reveal that the gene ZmLACS9 enhances salt stress tolerance by regulating chloroplast lipid metabolism and maintaining photosynthetic performance in maize.,"Chi C, Wang L, Li H, Xu Q, Shi M, Sun M, Pi H, Li H, Ding Z, Zhu J.",Functional plant biology : FPB,2026-10-01,,10.1071/fp26135,https://doi.org/10.1071/fp26135,salt stress; chloroplast*; trafficking; growth,Europe PMC
Abiotic stress,6.5,Molecular mechanisms of WRKY transcription factors integrating environmental signals to regulate flowering time in brassica crops.,"Raihan M, Younas I, Su S, Xu L.",Plant science : an international journal of experimental plant biology,2026-09-23,,10.1016/j.plantsci.2026.113465,https://doi.org/10.1016/j.plantsci.2026.113465,signalling; gibberellin*; hormone*; salinity; drought; stress respon*; flowering; development; single-cell; CRISPR,Europe PMC
Abiotic stress,6.5,"Genome-Wide Characterization, Stress-Responsive Expression, and QTLome Integration of the DUF1645 Gene Family in Rice (Oryza sativa L.).","Su P, Que Z, Song X, Wang G.",Genes,2026-08-29,,10.3390/genes17091044,https://doi.org/10.3390/genes17091044,MeJA; phytohormone*; salinity; osmotic stress; drought; cadmium; stress respon*; root; root architecture; development,Europe PMC
Abiotic stress,6.5,Functional characterization of PeNRAMP5 implies its potential role in controlling cadmium accumulation in plants.,"Yang F, Ni W, Li J, Huang L, Shao JF.",Journal of hazardous materials,2026-09-29,,10.1016/j.jhazmat.2026.143779,https://doi.org/10.1016/j.jhazmat.2026.143779,immun*; cadmium; plasma membrane; root; roots; shoot*; growth,Europe PMC
Abiotic stress,6.5,Mulberry ERF Transcription Factor MnERF23 Is a Positive Regulator of Plant Drought Tolerance.,"Su X, Zhou R, Zhao M, Xu C, Lu Q, Zhang R, Wang T, Li R.","Plants (Basel, Switzerland)",2026-09-19,,10.3390/plants15182868,https://doi.org/10.3390/plants15182868,ROS; drought; stress respon*; cell wall*; root; leaves; seed*; growth; development,Europe PMC
Abiotic stress,6.5,"Cerium Oxide Nanoparticles Modulate the Morpho-Physio-Biochemical, Enzymatic Antioxidants and Oxidative Stress Response of Potato under Salt Stress","Menglin W, Kexin Z, Rauf T, IbrahimAl-Ashkar, Sabagh A, Rebouh N, Zaman Q.",Potato research,2026-08-01,,,https://europepmc.org/article/AGR/IND609506180,ROS; reactive oxygen species; salt stress; salinity; NaCl; nitrate; stress respon*; growth,Europe PMC
Abiotic stress,6.5,Lysine biosynthesis impairment shapes heat-stress acclimation through metabolic and transcriptional reprogramming in Arabidopsis thaliana,"Gouveia, D. G., Westhoff, P., Barrios, W. E. B., Perrar, M., Flachbart, S., Martins, A. O., dos Reis, P. B., Nunes-Nesi, A., Zeier, J., Weber, A. P. M., Araujo, W. L.",bioRxiv,2026-09-11,yes,10.64898/2026.09.07.749967,https://doi.org/10.64898/2026.09.07.749967,signaling; salicylic acid; hormone*; defense; heat stress; stress respon*; growth,Europe PMC
Abiotic stress,6.5,Advances in Understanding Salt Stress Effects on Growth and Productivity in Sorghum (Sorghum bicolor L. Moench).,"Guo X, Musa FBH, Zhu H, Zhang J, Lai S, Olom OIM, Zhou G.","Plants (Basel, Switzerland)",2026-08-27,,10.3390/plants15172612,https://doi.org/10.3390/plants15172612,signalling; salt stress; salinity; NaCl; root; leaf; shoot*; seed*; germination; growth,Europe PMC
Abiotic stress,6.5,"ZnO nanopriming improves early drought resilience of wheat by maintaining water status, membrane integrity, and seedling growth","Akbari-Beni M, Fallah S, Peralta-Videa JR, Farhadian S.",Research Square,2026-09-15,yes,10.21203/rs.3.rs-10939912/v1,https://doi.org/10.21203/rs.3.rs-10939912/v1,osmotic stress; drought; seed*; germination; growth; development,Europe PMC
Abiotic stress,6.5,"Effects of salinity on photosynthetic characteristics, rhizosphere microbial community structure, and diversity of Ulmus pumila L.","Jiang K, Niu Y, Zheng J, Zou J, Wang P, Tang Y, Sui D, Yuan Y.",Frontiers in plant science,2026-09-16,,10.3389/fpls.2026.1933592,https://doi.org/10.3389/fpls.2026.1933592,salt stress; salinity; drought; leaves; stems; seed*; growth,Europe PMC
Abiotic stress,6.5,"Salt Tolerance and Physiological Responses at the Seedling, Vegetative, and Reproductive Stages of Thai Jasmine Rice KDML105 and Its Genetically Improved Variety (RD73) and Line (TSKC1-144).","Khampookhiaw N, Khianpho O, Santanoo S, Pamuta D, Theerakulpisut P.","Plants (Basel, Switzerland)",2026-08-28,,10.3390/plants15172635,https://doi.org/10.3390/plants15172635,salt sens*; salt stress; salinity; NaCl; leaf; leaves; shoot*; seed*; growth,Europe PMC
Abiotic stress,6.5,Genome-wide identification of the expansin gene family in Rosa rugosa and overexpression of RrEXPA1 contributes to drought and salt stress tolerance in Arabidopsis.,"Sang N, Hong X, Liu X, Mao H, Hao Y, Liu Z, Qi P.",Gene,2026-09-12,,10.1016/j.gene.2026.150392,https://doi.org/10.1016/j.gene.2026.150392,salt stress; drought; root; seed*; germination; growth; development,Europe PMC
Abiotic stress,6.5,PLS‐PM Modeling Reveals Biochar‐AMF Synergy on Salinity Tolerance in Suaeda salsa Through Ion Homeostasis and Oxidative Stress Alleviation,"Sun P, Kou H, Chen Y, Yangyang, Peng H, Lin G, Zheng T.",Physiologia Plantarum,2026-01-01,,,https://europepmc.org/article/AGR/IND609487752,mycorrhiz*; salinity; osmotic stress; vacuol*; root; leaf,Europe PMC
Abiotic stress,6.5,Structural and functional perspectives on DEAD-box RNA helicases in the rubber tree cold stress response.,"Gao B, Xiao M, Mao C, Liu J.",Frontiers in plant science,2026-09-15,,10.3389/fpls.2026.1959829,https://doi.org/10.3389/fpls.2026.1959829,kinase*; cold stress; stress respon*; development; microscop*; deep learning,Europe PMC
Abiotic stress,6.5,Mechanism Analysis of Sugar Metabolism Regulation in the Dynamic Response of Common Bean (Phaseolus vulgaris L.) Leaves to Alkaline Salt Stress,"Wang Y, Zhang Y, Yu S, Wang Z, Yin J, Dou Y, Zhang C, Meng F, Hua K, Zhang Y, Yu L.",Physiologia Plantarum,2026-01-01,,,https://europepmc.org/article/AGR/IND609463116,phosphoryl*; salt stress; stress respon*; leaf; leaves; stoma*; seed*,Europe PMC
Abiotic stress,6.5,"Integrative ATAC-seq and RNA-seq reveal chromatin remodeling as a hub of immune, oxidative, and metabolic reprogramming under heat and hypoxia stress in Apostichopus japonicus.","Wang Q, Deng K, Zhang J, Zhu S, Feng Y, Xu X, Wang W, Yang J, Sun G.","Comparative biochemistry and physiology. Part D, Genomics & proteomics",2026-09-28,,10.1016/j.cbd.2026.102045,https://doi.org/10.1016/j.cbd.2026.102045,signal transduction; signaling; immun*; hypoxia; stress respon*; growth,Europe PMC
Abiotic stress,6.5,Effects of Hydrothermal Conditions and Salinity Stress on the Seed Germination of the Threatened Arid Zone Samphire Tecticornia lylei (Amaranthaceae: Salicornioideae),"Monie KR, Turner SR, Palmer GC, Florentine SK.",Austral Ecology,2026-08-01,,,https://europepmc.org/article/AGR/IND609537629,salinity; osmotic stress; drought; seed*; germination,Europe PMC
Abiotic stress,6.5,Curcumin Enhances Alcoholic Fermentation in Yeast by Promoting Osmotic Stress Adaptation,"Nakase, Y., Kim, S., Sakaue, K., Sugimoto, Y., Seike, T., Watanabe, M., Tohge, T., Morozumi, Y., Watanabeb, D.",bioRxiv,2026-09-13,yes,10.64898/2026.09.10.750560,https://doi.org/10.64898/2026.09.10.750560,kinase*; defense; osmotic stress; stress respon*; cell wall*; growth,Europe PMC
Abiotic stress,6.5,Genome‑wide identification of the NHX gene family in Forsythia identifies FsNHX3 and FsNHX6 as potential candidates involved in abiotic stress responses.,"Li L, Ma X, Ding A, Zhang G, Zhou J, Liu C, Chen C, Tang X, Li X, Shu J, Wang X.",PloS one,2026-10-01,,10.1371/journal.pone.0359565,https://doi.org/10.1371/journal.pone.0359565,abscisic acid; ABA; salinity; drought; stress respon*; plasma membrane; vacuol*; endosom*,Europe PMC
Abiotic stress,6.5,"Differential ROS Accumulation, Antioxidant Defense, and Physiological Adaptation in Two Rosa rugosa Cultivars Under Sustained Salt Stress.","Ashraf S, Ashraf MZ, Bian Z, Ashraf H, Ahmed W, Miao B, Zhao X.","Antioxidants (Basel, Switzerland)",2026-09-21,,10.3390/antiox15091218,https://doi.org/10.3390/antiox15091218,ROS; defense; salt stress; NaCl; stress respon*; leaves; growth,Europe PMC
Abiotic stress,6.0,Starch metabolism and stomatal regulation enhance drought resilience in barley: an integrated multi-omics analysis.,"Zhang S, Wu T, Han Y, Cheng J, Admas T, Fiaz S, Xu L, Pan R.",Plant science : an international journal of experimental plant biology,2026-09-20,,10.1016/j.plantsci.2026.113457,https://doi.org/10.1016/j.plantsci.2026.113457,signaling; ABA; hormone*; drought; stoma*,Europe PMC
Abiotic stress,6.0,From Halotolerance to plant growth promotion: integrated genomic and physiological characterisation of the halotolerant plant growth-promoting bacterium Terribacillus halophilus EH3 from semi-arid vineyard soil,"Herath E, Lui D, Zhang P.",Research Square,2026-09-10,yes,10.21203/rs.3.rs-10770737/v1,https://doi.org/10.21203/rs.3.rs-10770737/v1,IAA; salinity; osmotic stress; drought; nutrient*; root; growth,Europe PMC
Abiotic stress,6.0,Physiological and transcriptomic analyses reveal the critical role of MsERF15 in negatively regulating cadmium stress tolerance in Alfalfa (Medicago sativa).,"Zhang H, Zhang H, Zhang R, Yao T, Zhao Q, Chang Y, Yang M, Hu Y, Zhang H, Ao H.",Journal of plant research,2026-10-04,,10.1007/s10265-026-01760-x,https://doi.org/10.1007/s10265-026-01760-x,ROS; signal transduction; hormone*; heavy metal*; cadmium; leaf; leaves; growth,Europe PMC
Abiotic stress,6.0,Overexpression of StBIN2 Improves Salt Stress Tolerance in Potato.,"Liu S, Wang Y, Wang J, Peng R, Cai C, Yan L, Lai X.",International journal of molecular sciences,2026-08-29,,10.3390/ijms27177747,https://doi.org/10.3390/ijms27177747,H2O2; hydrogen peroxide; salt stress; NaCl; stress respon*; nucleus; leaves; growth; development,Europe PMC
Abiotic stress,6.0,"Plant photosynthetic responses to drought, rewatering, and flooding.","Qi M, Xu Z.",Planta,2026-10-03,,10.1007/s00425-026-05183-9,https://doi.org/10.1007/s00425-026-05183-9,drought; flooding; root; stoma*; shoot*,Europe PMC
Abiotic stress,6.0,Phenotypic and Physiological Responses of Rice Seedlings to Co-Exposure of Polystyrene Microplastics and Heavy Metals.,"Hao Z, Bie X, Niu P, Wang L.","Nanomaterials (Basel, Switzerland)",2026-08-23,,10.3390/nano16171050,https://doi.org/10.3390/nano16171050,heavy metal*; cadmium; root; roots; shoot*; seed*; growth,Europe PMC
Abiotic stress,6.0,Liebig Review: Essential and Beneficial Elements in the Regulation of Cadmium Uptake and Tolerance in Crop Plants,"Manzoor M, Mühling KH.",Journal of Plant Nutrition and Soil Science,2026-08-01,,,https://europepmc.org/article/AGR/IND609529750,apoplast*; microbiome*; defense; nutrient*; cadmium; vacuol*; root; endoderm*; development,Europe PMC
Abiotic stress,6.0,A Computational Framework for Climate-Resilient Synthetic Microbial Communities to Mitigate Arsenic–Cadmium Co-Contamination in Rice Under Drought Stress,"Srivastava H, Srivastava Y.",Preprints.org,2026-09-17,yes,10.20944/preprints202609.1498.v1,https://doi.org/10.20944/preprints202609.1498.v1,signaling; microbiome*; drought; cadmium; root,Europe PMC
Abiotic stress,6.0,Alternative splicing-dependent T218 phosphoregulation controls SR45.1 nuclear organization and salt stress responses in Arabidopsis.,Albaqami M.,Plant cell reports,2026-09-25,,10.1007/s00299-026-03999-z,https://doi.org/10.1007/s00299-026-03999-z,salt stress; stress respon*; nuclear,Europe PMC
Abiotic stress,6.0,Soybean α-Amylase Gene Family: Structure and Expression in Response to Abiotic Stresses.,"Filyushin MA, Shchennikova AV, Shilova KO, Kochieva EZ, Divashuk MG.",International journal of molecular sciences,2026-09-04,,10.3390/ijms27177915,https://doi.org/10.3390/ijms27177915,salt stress; salinity; NaCl; stress respon*; roots; leaves; development,Europe PMC
Abiotic stress,6.0,Research Progress on Multi-Omics of Plant Response to Abiotic Stress,"Li X, Li Y, Li J, Zheng L, Wang J, Yu G, Shi D.",Preprints.org,2026-10-01,yes,10.20944/preprints202510.1171.v2,https://doi.org/10.20944/preprints202510.1171.v2,signaling; hormone*; defense; salinity; drought; heavy metal*; stress respon*; development,Europe PMC
Abiotic stress,6.0,Establishment of a cBSA-mediated miRNA delivery system in Camellia sinensis and functional validation of the Cs-miR163/CsSK1 module in cold stress response.,"Tang X, Zhao Y.",Plant physiology and biochemistry : PPB,2026-09-10,,10.1016/j.plaphy.2026.111722,https://doi.org/10.1016/j.plaphy.2026.111722,ROS; pH; cold stress; stress respon*; endocytosis; microscop*,Europe PMC
Abiotic stress,6.0,Genome-wide identification of WOX transcription factors and functional characterization of WOX4 and WOX13 involved in cold stress response in Malus baccata.,"Tian Y, Liu H, Wang F, Yang L, Zhang X, Li H, Qi X, Guo J.",Frontiers in genetics,2026-08-28,,10.3389/fgene.2026.1920502,https://doi.org/10.3389/fgene.2026.1920502,signal transduction; cold stress; stress respon*; seed*; growth; development,Europe PMC
Abiotic stress,6.0,Salicylic acid enhances growth and cadmium-lead phytostabilization in Napier grass (Pennisetum purpureum cv. Mahasarakham).,"Maung TZ, Phetsuwan A, Puangkaew W, Pansomboon R, Phuengto N, Plukngam P, Phetsuwan C, Meeinkuirt W.",Ecotoxicology and environmental safety,2026-09-24,,10.1016/j.ecoenv.2026.120837,https://doi.org/10.1016/j.ecoenv.2026.120837,salicylic acid; heavy metal*; cadmium; growth,Europe PMC
Abiotic stress,6.0,Comparative Physiological and Metabolomic Responses of Procambarus clarkii and Macrobrachium nipponense to Combined Salinity-pH and NaHCO3 Alkalinity Stress.,"Chi M, Cheng S, Jiang W, Luo J, Liu S, Zheng J, Zhu C, Peng M, Li F.",Animals : an open access journal from MDPI,2026-09-03,,10.3390/ani16172778,https://doi.org/10.3390/ani16172778,pH; phosphatase*; immun*; salinity,Europe PMC
Abiotic stress,6.0,"Genome‐wide analysis of DNA methyltransferases in a model extremophyte, Schrenkiella parvula: Transcriptional dynamics during development and under salt stress","Yolcu S, Kakhki AM, Jalilian A, Sevindik E, Turkan I.",Annals of applied biology.,2026-07-01,,,https://europepmc.org/article/AGR/IND609488890,salt stress; NaCl; stress respon*; flowering; development,Europe PMC
"Ca2+, ROS and early signaling",25.5,Multilevel Mechanisms by Which Membrane Transport Proteins Regulate Plant Responses to Heavy Metal Stress: From Ion Perception and Uptake Control to Systemic Signaling and Translational Perspectives.,"Wu L, Cao L, Sun J, Li S, Song L, Zhatova H, Liu S, Tong S, Tang M, Chu Z, Yang Y, Dong L.","Plant, cell & environment",2026-09-24,,10.1111/pce.70915,https://doi.org/10.1111/pce.70915,Ca2+; ROS; systemic signal*; MAPK*; phosphoryl*; signaling; jasmon*; heavy metal*; cadmium; cell wall*; plasma membrane; vacuol*; trafficking; autophagy; root; xylem; phloem; shoot*; genetically encoded; microscop*; single-cell,Europe PMC
"Ca2+, ROS and early signaling",25.5,The Ca2+ channel CYCLIC NUCLEOTIDE GATED CHANNEL13 regulates vasculature-mediated systemic Ca2+ and jasmonate signaling on herbivory.,"Kumari M, Prajapati R, Pawar M, Sharma B, Orlando Marchesano BM, Yang Y, Wang YF, Costa A, Vadassery J.",Proceedings of the National Academy of Sciences of the United States of America,2026-09-29,,10.1073/pnas.2612869123,https://doi.org/10.1073/pnas.2612869123,calcium; Ca2+; reactive oxygen species; depolari*; systemic signal*; glutamate receptor-like; CNGC*; kinase*; signaling; receptor*; jasmon*; immun*; elicitor*; defense; plasma membrane; leaves,Europe PMC
"Ca2+, ROS and early signaling",24.0,A receptor-like kinase pair integrates extracellular ATP and salicylic acid signaling to activate plant immunity,"Yang M, Kim D, Song Jh, Jensen AM, Tanaka K, Stacey G",Proceedings of the National Academy of Sciences,2026-10-06,,10.1073/pnas.2616716123,https://doi.org/10.1073/pnas.2616716123,extracellular ATP; eATP; P2K1; kinase*; receptor-like kinase*; phosphoryl*; signaling; receptor*; salicylic acid; hormone*; immun*; pathogen*; defense,Crossref
"Ca2+, ROS and early signaling",23.0,Calcium-ROS-NO signalling integration in plant immunity: mechanistic interactions and feedback regulation.,"Siruka D, Jha S, Shankar A.",Planta,2026-09-30,,10.1007/s00425-026-05180-y,https://doi.org/10.1007/s00425-026-05180-y,calcium; Ca2+; ROS; reactive oxygen species; NADPH oxidase*; calmodulin*; kinase*; signalling; hormone*; immun*; NLR*; effector*; pathogen*; defence,Europe PMC
"Ca2+, ROS and early signaling",22.5,MCA1 mechanosensitive channels enable fast communication of wound signals between lateral roots.,"Baudon A, Brodersen CR, Huang S, Song H, Becker D, Geiger D, Roelfsema MRG, Hedrich R.",Science advances,2026-09-25,,10.1126/sciadv.aef2202,https://doi.org/10.1126/sciadv.aef2202,calcium; cytosolic calcium; membrane potential; depolari*; MCA1; mechanosens*; signaling; receptor*; root; roots; lateral root*; shoot*; optogenet*,Europe PMC
"Ca2+, ROS and early signaling",22.5,Chitosan activates a sequential Ca 2+ -ROS-NO-jasmonate signaling cascade governing withanolide accumulation in Withania somnifera.,"Perveen S, Haider I, Mahmood A, Rehman SU, Nadeem MY, Zaheer A, Herqash RN, Noman OM, Alanzi AR.",Plant signaling & behavior,2026-09-16,,10.1080/15592324.2026.2733235,https://doi.org/10.1080/15592324.2026.2733235,calcium; Ca2+; Ca 2+; ROS; reactive oxygen species; hydrogen peroxide; NADPH oxidase*; oxidative burst; kinase*; signaling; jasmon*; JA; elicitor*,Europe PMC
"Ca2+, ROS and early signaling",22.0,"BhSUN coordinates calcium signaling, microtubule organization, and hormone metabolism to drive directional fruit growth in wax gourd.","Cheng Z, Su L, Huang X, Chen X, Yu W, Wang P, Liu Z.",Horticulture research,2026-05-12,,10.1093/hr/uhag190,https://doi.org/10.1093/hr/uhag190,calcium; calcium signal*; calmodulin*; signaling; auxin*; gibberellin*; cytokinin*; phytohormone*; hormone*; microtubul*; cell division; cell expansion; growth; morphogen*; CRISPR,Europe PMC
"Ca2+, ROS and early signaling",19.0,SlCML51 Regulates Antiviral and Basal Immunity Through Jasmonic Acid Signalling and Reactive Oxygen Species Accumulation in Solanum lycopersicum,"Luo X, Wang Q, Zhang G, Liu W, Zhu X, Liu C, Xiao Q, Xue Y, Sun X.",Plant Pathology,2026-01-01,,,https://europepmc.org/article/AGR/IND609463194,calcium; Ca²⁺; ROS; reactive oxygen species; calmodulin*; CML*; signalling; jasmon*; JA; salicylic acid; immun*; Pseudomonas syringae; Phytophthora; defence; endoplasmic reticulum; nucleus; leaves,Europe PMC
"Ca2+, ROS and early signaling",19.0,A CERK1/LYK4—ANNEXIN1/4 Module Controls Calcium‐Dependent Root Hair Growth in Arabidopsis,"Liu Y, Li S, Zhao H, Li L, Jiang Y, Liu J, Wang X, Zhang Y, Feng Q, Li S.","Plant, Cell & Environment",2026-10-04,,10.1111/pce.70928,https://doi.org/10.1111/pce.70928,calcium; Ca 2+; annexin*; kinase*; signaling; receptor*; plasma membrane; root; root hair*; growth,Crossref
"Ca2+, ROS and early signaling",18.5,CaCl2 Priming Boosts Salinity-Alkalinity Tolerance in Germinating Soybean by Reducing DNA Oxidative Damage and Enhancing Ca2+ -ROS Signaling Crosstalk.,"Sun R, Zhao Q, Wang W, Yao Y, Wang H, Li L, Fan N, Zhang H, Du J, Du Y.",Physiologia plantarum,2026-09-01,,10.1111/ppl.71055,https://doi.org/10.1111/ppl.71055,calcium; Ca2+; calcium signal*; ROS; reactive oxygen species; signaling; salinity; stress respon*; seed*; germination,Europe PMC
"Ca2+, ROS and early signaling",18.5,Scutellarein promotes diabetic wound repair and preserves fibroblast calcium-mitochondrial homeostasis.,"Huang Y, Shan S, Chang M, Liu Y, Yao Y, Yang J, Liu F.",Frontiers in pharmacology,2026-09-17,,10.3389/fphar.2026.1925629,https://doi.org/10.3389/fphar.2026.1925629,calcium; calcium signal*; ROS; reactive oxygen species; H2O2; membrane potential; depolari*; signaling; receptor*; mitochondri*,Europe PMC
"Ca2+, ROS and early signaling",17.5,The Plant Cell Wall: From Structural Diversity and Biosynthesis to Integrity Signaling and Physiological Functions.,"Zhuang Y, Zhang S, Zhang M, Fan Q, Liu C, Tang X, Zhou G, Qi G.","Plants (Basel, Switzerland)",2026-09-16,,10.3390/plants15182835,https://doi.org/10.3390/plants15182835,Ca2+; reactive oxygen species; apoplast*; kinase*; receptor-like kinase*; signaling; receptor*; pathogen*; defense; cell wall*; cytoskelet*; xylem; growth; morphogen*; live-cell imaging,Europe PMC
"Ca2+, ROS and early signaling",17.0,The miRNA-ROS interactome: Orchestrating plant resilience to environmental fluxes.,"Wang J, Hao H, Wen Y, Li Z, Cao T, Wei H, Bilska-Kos A, Xie Y, Wan X.",Plant physiology and biochemistry : PPB,2026-09-14,,10.1016/j.plaphy.2026.111748,https://doi.org/10.1016/j.plaphy.2026.111748,calcium; calcium signal*; ROS; reactive oxygen species; apoplast*; signaling; phytohormone*; nutrient*; chloroplast*; mitochondri*; single-cell,Europe PMC
"Ca2+, ROS and early signaling",16.5,A non-canonical DWARF3-OsCOX11-mediated mitochondrial ROS homeostasis pathway acts in parallel with core strigolactone signaling to promote rice blast resistance.,"Cui W, Wang X, Liu X, Liu H, Lu Y, Yan F, Yi K, Chen J, Zhou J.",Molecular plant,2026-09-23,,10.1016/j.molp.2026.09.012,https://doi.org/10.1016/j.molp.2026.09.012,ROS; reactive oxygen species; signaling; signalling; ubiquitin*; strigolactone*; hormone*; immun*; elicitor*; mitochondri*; growth; development,Europe PMC
"Ca2+, ROS and early signaling",16.5,Calcium-dependent protein kinase (CDPK) gene family in Aquilaria agallocha tree: genome-wide identification and expression analysis under stress conditions,"Begum K, Das A, Ahmed R, Akhtar S, Banu S.",Trees,2026-08-01,,,https://europepmc.org/article/AGR/IND609520372,calcium; Ca²⁺; ROS; CDPK*; kinase*; phosphoryl*; signal transduction; signaling; MeJA; phytohormone*; hormone*; defense,Europe PMC
"Ca2+, ROS and early signaling",16.5,Low Temperature-ROS-Hormones Co-Regulation of Seed Dormancy Release and Germination in Xanthoceras sorbifolium.,"Wang Y, An N, Chen Y, Wu Q, Yang Z, Cai H, Di J.","Plants (Basel, Switzerland)",2026-09-11,,10.3390/plants15182790,https://doi.org/10.3390/plants15182790,ROS; reactive oxygen species; H2O2; signal transduction; IAA; ABA; GA; GA3; hormone*; seed*; germination; embryo*; microscop*,Europe PMC
"Ca2+, ROS and early signaling",16.0,Chloroplast-Associated ROS Signaling Shapes Tissue-Specific Pathogenicity Mechanisms of Candidatus Liberibacter asiaticus in Leaf and Root.,"Pandey SS, Lamichhane T, Xu J, Li J, Dalmendray JL, Gatmaitan MAC, Wang N.",Molecular plant-microbe interactions : MPMI,2026-09-26,,10.1094/mpmi-06-26-0060-r,https://doi.org/10.1094/mpmi-06-26-0060-r,ROS; reactive oxygen species; signaling; immun*; pathogen*; chloroplast*; root; roots; leaf; leaves; phloem; development,Europe PMC
"Ca2+, ROS and early signaling",15.5,Local anesthetic lidocaine decelerates cytoplasmic streaming in Egeria densa via altered actin dynamics and reactive oxygen species generation.,"Magari N, Kagenishi T, Yokawa K.",Plant signaling & behavior,2026-09-16,,10.1080/15592324.2026.2726830,https://doi.org/10.1080/15592324.2026.2726830,Ca2+; ROS; reactive oxygen species; NADPH oxidase*; stress respon*; plasma membrane; actin; leaves; confocal; microscop*,Europe PMC
"Ca2+, ROS and early signaling",15.0,Multiwalled Carbon Nanotubes Promote Adventitious Root Formation Through RBOH-Dependent Hydrogen Peroxide Signaling,"Xu M, Wu S, Ran Y, Zhang S, Tang Q, Zhou Y, Lu Y, Chen S, Xiang Z, Ding F.",Preprints.org,2026-10-01,yes,10.20944/preprints202610.0035.v1,https://doi.org/10.20944/preprints202610.0035.v1,hydrogen peroxide; Rboh*; NADPH oxidase*; signaling; root; root development; hypocotyl*; growth; development; organogenesis,Europe PMC
"Ca2+, ROS and early signaling",15.0,Coordinated mechanisms of the Acremonium strictum SS71-induced ROS accumulation in strawberry elucidated via optimized dual-treatment detached leaf assays.,"Zurita KY, Martínez Zamora MG, Perato SM, Martos GG, Díaz Ricci JC, Grellet Bournonville CF.",Journal of plant physiology,2026-09-18,,10.1016/j.jplph.2026.154876,https://doi.org/10.1016/j.jplph.2026.154876,calcium; ROS; hydrogen peroxide; NADPH oxidase*; oxidative burst; signaling; immun*; defense; leaf; stoma*,Europe PMC
"Ca2+, ROS and early signaling",14.5,"Stomatal Morphology, Leaf Nutrients and Molecular Adaptations Are Associated With Scald Resistance in Barley.","Ijaz U, Azeem MA, Shabala S, Zhou M, Zhao C.",Physiologia plantarum,2026-09-01,,10.1111/ppl.71117,https://doi.org/10.1111/ppl.71117,Ca2+; ROS; reactive oxygen species; H2O2; hydrogen peroxide; MAPK*; signalling; phytohormone*; immun*; defence; nutrient*; root; leaf; stoma*; shoot*,Europe PMC
"Ca2+, ROS and early signaling",14.5,"Molecular characterization of pathogen-induced SlCBL1-2, a calcium sensor, reveals the structural basis of calcium sensing in tomato","Sowrirajan Padmavathy, S., Madhuravanam Cherukandy, A., Muthukumar, B. S., Mehanathan, M., Narayanasamy, S., Ponnuraj, K., Nagarathnam, R.",bioRxiv,2026-10-08,yes,10.64898/2026.10.07.757223,https://doi.org/10.64898/2026.10.07.757223,calcium; Ca2+; CBL*; CIPK*; kinase*; signalling; second messenger*; pathogen*; defense; stress respon*; leaves; growth; development,bioRxiv
"Ca2+, ROS and early signaling",14.0,Calcium-mediated signaling mechanisms enhancing drought tolerance and agronomic resilience in arable crops.,Damalas CA.,Plant physiology and biochemistry : PPB,2026-09-28,,10.1016/j.plaphy.2026.111795,https://doi.org/10.1016/j.plaphy.2026.111795,calcium; Ca2+; ROS; reactive oxygen species; calmodulin*; kinase*; signaling; abscisic acid; ABA; drought; stress respon*; stoma*,Europe PMC
"Ca2+, ROS and early signaling",14.0,"Foliar GR24 and γ-aminobutyric acid modulate redox signaling, root-system architecture, and mineral homeostasis in tellurite-stressed wheat (Triticum aestivum L.).","Haider I, Rehman SU, Iqbal Z, Mahmood A, Zaheer A, Nadeem MY, Mubushar M, Tahir MU.",Plant signaling & behavior,2026-09-11,,10.1080/15592324.2026.2728143,https://doi.org/10.1080/15592324.2026.2728143,calcium; ROS; reactive oxygen species; signaling; strigolactone*; nutrient*; cell wall*; plasma membrane; root; root development; shoot*; development,Europe PMC
"Ca2+, ROS and early signaling",14.0,The dirigent protein MsDIR6 functions in drought tolerance and modulates reactive oxygen species scavenging and secondary metabolite biosynthesis in alfalfa.,"Ma Y, Yang R, Wang X, Yu D, Li S.",Plant science : an international journal of experimental plant biology,2026-09-12,,10.1016/j.plantsci.2026.113442,https://doi.org/10.1016/j.plantsci.2026.113442,ROS; reactive oxygen species; defense; osmotic stress; drought; stress respon*; plasma membrane; nucleus; roots; leaf; leaves; stoma*; seed*; germination; growth,Europe PMC
"Ca2+, ROS and early signaling",14.0,A WHY1-NADK3-PEX5 module confers drought tolerance by maintaining peroxisomal ROS homeostasis in Brassica napus.,"Yan J, Qu Z, Wang C, Tian Z, Kuang L, Mu Y, Wang H, Dun X.",The Plant journal : for cell and molecular biology,2026-09-01,,10.1111/tpj.71124,https://doi.org/10.1111/tpj.71124,ROS; reactive oxygen species; kinase*; signaling; receptor*; ABA; drought; peroxisom*; root; root development; development; CRISPR,Europe PMC
"Ca2+, ROS and early signaling",14.0,"Plant halotropism: mechanisms, signaling networks, and adaptive significance.","Qu M, Wang W, Ni J, Xu D, Shabala S, Ma W.",Journal of experimental botany,2026-09-11,,10.1093/jxb/erag454,https://doi.org/10.1093/jxb/erag454,Ca2+; ROS; signaling; auxin*; PIN\d+; abscisic acid; ABA; salinity; cell wall*; endocytosis; microtubul*; root; roots; growth,Europe PMC
"Ca2+, ROS and early signaling",14.0,Molecular Mechanisms and Network Integration of Oxylipin Signaling in Plant Abiotic Stress Tolerance.,"Eshbekova G, Tran AD, Cho K, Vu MA, Kim JI, Nguyen HTT, Han O.",International journal of molecular sciences,2026-09-19,,10.3390/ijms27188362,https://doi.org/10.3390/ijms27188362,calcium; Ca2+; ROS; reactive oxygen species; kinase*; MAPK*; signaling; jasmon*; JA; hormone*; leaf,Europe PMC
"Ca2+, ROS and early signaling",13.5,ROS function during the early phase of vascular regeneration in Arabidopsis.,"Ohba Y, Li J, Sato R, Matsuoka K, Kondo Y, Kuchitsu K, Satoh S, Iwai H, Asahina M.",Plant & cell physiology,2026-09-24,,10.1093/pcp/pcag120,https://doi.org/10.1093/pcp/pcag120,ROS; reactive oxygen species; Rboh*; stem; stems; cambium; xylem; phloem; stem cell*; differentiation,Europe PMC
"Ca2+, ROS and early signaling",13.5,"The cytoplasmic small heat shock protein, AtHsp18.5, enhances drought and Pb (lead) tolerance.","Ma Z, Liu Z, Huang X, Ren J, Cui S, Huang M, Kang N, Chen L, Liao H, Zhou J.",Plant physiology and biochemistry : PPB,2026-09-23,,10.1016/j.plaphy.2026.111782,https://doi.org/10.1016/j.plaphy.2026.111782,ROS; reactive oxygen species; H2O2; signaling; abscisic acid; ABA; drought; heat stress; heavy metal*; stress respon*; growth,Europe PMC
"Ca2+, ROS and early signaling",13.0,"ZmEIL2 positively regulates drought tolerance in maize by modulating stomatal movement, hormonal homeostasis, and antioxidant defense.","Li Y, Zhang Y, Qi X, Gou Z, Wang H, Yang X, Ma J, Wang X.",Frontiers in plant science,2026-09-18,,10.3389/fpls.2026.1946405,https://doi.org/10.3389/fpls.2026.1946405,ROS; reactive oxygen species; abscisic acid; ABA; ethylene; hormone*; defense; drought; leaf; stoma*,Europe PMC
"Ca2+, ROS and early signaling",13.0,"Coordinated Responses of Barley in Photosynthesis, Antioxidative System, and Stomatal Regulation Under Flufenoxuron Stress.","Ning X, Zhi Y, Wang S, Li Z, Ren Z, Ku T, Li G, Sang N.",Toxics,2026-09-15,,10.3390/toxics14090821,https://doi.org/10.3390/toxics14090821,ROS; reactive oxygen species; H2O2; hydrogen peroxide; signaling; abscisic acid; ABA; defense; roots; leaves; stoma*,Europe PMC
"Ca2+, ROS and early signaling",13.0,"Ethylene receptors at the ER: Potential hubs integrating hormone, redox, and Ca2+ signaling.","Zhang Q, Wang Y, Wang R, Zhang J, Dinesh-Kumar SP, Wang X, Zhang Y.",Journal of integrative plant biology,2026-09-20,,10.1111/jipb.70398,https://doi.org/10.1111/jipb.70398,Ca2+; signaling; receptor*; ethylene; hormone*; endoplasmic reticulum; ER; development,Europe PMC
"Ca2+, ROS and early signaling",13.0,A hypermorphic allele of CNGC confers broad-spectrum blast resistance through ectopic calcium influx-induced cell death in rice.,"Liu J, Xiao G, Liu H, Liang Y, Yi Z, Bai B, Liang X, Luo S, Yuan F, Yang J, Xue S, Sun W, Zhou B, Wu J.",The New phytologist,2026-09-22,,10.1111/nph.71579,https://doi.org/10.1111/nph.71579,calcium; Ca2+; CNGC*; pathogen*; elicitor*,Europe PMC
"Ca2+, ROS and early signaling",13.0,Passive and active regulation of cell wall mechanical properties.,"Ferria J, McFarlane HE.",Biochemistry and cell biology = Biochimie et biologie cellulaire,2026-09-22,,10.1139/bcb-2026-0156,https://doi.org/10.1139/bcb-2026-0156,Ca2+; mechanosens*; FERONIA; second messenger*; Pep1; stress respon*; cell wall*; growth; development,Europe PMC
"Ca2+, ROS and early signaling",13.0,Peroxiredoxin II as a metabolic gatekeeper against aflatoxin B1-induced hepatic steatosis: restoration of PPARα/γ balance via mitochondrial ROS scavenging.,"Xu WJ, He XM, Liu HC, Jin MH, Yu NN, Sun HN, Han YH.",Mycotoxin research,2026-09-29,,10.1007/s12550-026-00684-8,https://doi.org/10.1007/s12550-026-00684-8,ROS; reactive oxygen species; membrane potential; depolari*; MAPK*; signaling; mitochondri*,Europe PMC
"Ca2+, ROS and early signaling",12.5,Unravelling Mechanisms of Acquired Drought Tolerance by Priming in Tomato Using Integrative Multi-Omics Phenotypic Analysis.,"Zhou R, Li Y, Wang G, Chen H, Yu X, Wang Y, Yang X, Lyu Z, Joshi T, Song X, Ottosen CO, Dodd IC, Mittler R, Jiang F, Wu Z.",Plant biotechnology journal,2026-09-21,,10.1111/pbi.70757,https://doi.org/10.1111/pbi.70757,ROS; reactive oxygen species; H2O2; kinase*; MAPK*; signalling; drought; heat stress; stoma*,Europe PMC
"Ca2+, ROS and early signaling",12.5,Exogenous spermidine (Spd) improves the tolerance to alkaline-salt stress in potato.,"Fu Y, Wang Q, Ge Y, Liao H, Yan C.",BMC plant biology,2026-08-04,,10.1186/s12870-026-09656-7,https://doi.org/10.1186/s12870-026-09656-7,ROS; reactive oxygen species; signal transduction; signaling; ABA; cytokinin*; ethylene; hormone*; defense; salt stress; roots; leaves,Europe PMC
"Ca2+, ROS and early signaling",12.5,"Integrative Physiological, Transcriptomic, and Functional Analysis Reveals a Positive Contribution of TaCDPK22-5A to Drought Adaptation in Wheat.","Liu B, Li Y, Li H, Niu K, Wang H, Liu L.",Genes,2026-08-22,,10.3390/genes17090985,https://doi.org/10.3390/genes17090985,calcium; calcium signal*; CDPK*; kinase*; signaling; osmotic stress; drought; stress respon*; growth,Europe PMC
"Ca2+, ROS and early signaling",12.5,The CPKs-CBP60b positive feedback loop regulates immunity in Arabidopsis.,"Li LS, Ma L, Chen YX, Li S.",The Plant journal : for cell and molecular biology,2026-09-01,,10.1111/tpj.71100,https://doi.org/10.1111/tpj.71100,calcium; CPK*; calmodulin*; kinase*; phosphoryl*; immun*; pathogen*,Europe PMC
"Ca2+, ROS and early signaling",12.0,An atypical EF-hand domain containing resistance protein SRC4 boosts plant immunity in a calcium-enhanced manner.,"Zhou Z, Miao D, Zhao J, Zhou Y, Yan T, Niu N, Bao Z, Lv F, Liu L, Xu N, Yan F, Liu J, Wuriyanghan H.",The Plant journal : for cell and molecular biology,2026-09-01,,10.1111/tpj.71125,https://doi.org/10.1111/tpj.71125,calcium; Ca2+; immun*; ETI; NLR*; effector*; defense; growth,Europe PMC
"Ca2+, ROS and early signaling",12.0,"Integrated physiological, transcriptomic, and metabolomic analyses provide insights into zinc-doped carbon quantum dot-mediated alleviation of cadmium toxicity in lettuce.","Chai S, Bai M, Chen B, Shen T, Wang L, Zhang Q, Sun M, Liu S.",Journal of hazardous materials,2026-09-28,,10.1016/j.jhazmat.2026.143761,https://doi.org/10.1016/j.jhazmat.2026.143761,ROS; H2O2; MAPK*; signaling; jasmon*; phytohormone*; heavy metal*; cadmium; stress respon*; shoot*; growth,Europe PMC
"Ca2+, ROS and early signaling",12.0,Biopriming With 28‐Homobrassinolide and Piriformospora indica Mitigates Cadmium Toxicity in Brassica juncea,"Kaur G, Singh P, Madaan I, Kaushik S, Singh RK, Sirhindi G.",Physiologia Plantarum,2026-01-01,,,https://europepmc.org/article/AGR/IND609463104,ROS; reactive oxygen species; signaling; brassinosteroid*; hormone*; endophyt*; defense; heavy metal*; cadmium; root; seed*; growth,Europe PMC
"Ca2+, ROS and early signaling",11.5,Hypomagnetic field inhibits seed germination via ROS signaling and reprogramming transcriptome in Arabidopsis thaliana,"Gu, Y., Wu, W., Su, X., Fang, Y., Shen, Y., Huang, J., Xu, X.",bioRxiv,2026-09-29,yes,10.64898/2026.09.29.755266,https://doi.org/10.64898/2026.09.29.755266,ROS; reactive oxygen species; signaling; defense; seed*; germination; growth; development,Europe PMC
"Ca2+, ROS and early signaling",11.5,Multi‑omics dissection reveals that fumarate serves as a metabolic hub linking Pro-Ca application to salt tolerance in rice tillers,"Tu J, Song W, Chen W, Lu Z, Liu Y, Song Q, Huang Z, Deng R, Dai Y, Huang W, Wei J, liu Y, Feng N, Qiu Q, Zheng D, Xue Y.",Research Square,2026-09-14,yes,10.21203/rs.3.rs-10755445/v1,https://doi.org/10.21203/rs.3.rs-10755445/v1,calcium; salt sens*; signaling; IAA; gibberellin*; ethylene; salicylic acid; defense; salt stress; cell wall*; stem; seed*; growth,Europe PMC
"Ca2+, ROS and early signaling",11.5,The Transcription Factor SlNAC6 from Suaeda liaotungensis Positively Regulates Stress Tolerance in Transgenic Arabidopsis thaliana,"Cui J, Shi H, Li T, Wang H, Song J, Li C, Li Q.",Research Square,2026-09-08,yes,10.21203/rs.3.rs-10746115/v1,https://doi.org/10.21203/rs.3.rs-10746115/v1,ROS; reactive oxygen species; abscisic acid; salinity; drought; nucleus; roots; leaves; stems; growth,Europe PMC
"Ca2+, ROS and early signaling",11.5,TaWRKY24 positively regulates wheat resistance to Puccinia striiformis f. sp. tritici via modulation of defense signaling and reactive oxygen species accumulation.,"Deng S, Chen J, Qiu T, Liu Q, Wang X, Wu J, Li G, Gao H, Zeng C, Li Y.",Plant science : an international journal of experimental plant biology,2026-09-29,,10.1016/j.plantsci.2026.113477,https://doi.org/10.1016/j.plantsci.2026.113477,ROS; reactive oxygen species; MAPK*; signaling; immun*; defense; nucleus,Europe PMC
"Ca2+, ROS and early signaling",11.5,Genome‑wide identification of NAC transcription factor family members and functional characterization of FaNAC7‑Fve6 in low‑temperature tolerance via the ROS scavenging pathway in Fragaria × ananassa.,"Han J, Li X, Zhang L, Liu W, Wang Y, Li W, Han D.",Plant science : an international journal of experimental plant biology,2026-09-18,,10.1016/j.plantsci.2026.113451,https://doi.org/10.1016/j.plantsci.2026.113451,ROS; reactive oxygen species; ABA; MeJA; hormone*; drought; stress respon*; nucleus; growth,Europe PMC
"Ca2+, ROS and early signaling",11.0,Transcriptomics and overexpression analyses reveal StERF87 confers resistance to Ralstonia solanacearum in potato.,"Yu R, Gao M, Cai L, Wang S, Chen Q, Guan P, Lin C, Zhang X, Zheng S, Jiang L, Wang J, Hu L.",Plant cell reports,2026-09-08,,10.1007/s00299-026-03967-7,https://doi.org/10.1007/s00299-026-03967-7,calcium; calcium signal*; ROS; MAPK*; signaling; ethylene; jasmon*; salicylic acid; defense; growth,Europe PMC
"Ca2+, ROS and early signaling",11.0,Loss of function of STAY-GREEN 1 enhances cold tolerance in tomato (Solanum lycopersicum L.) associated with jasmonic acid signaling and metabolic reprogramming.,"Yang L, Ma Y, Zhou Y, Li J, Wang P, Long H, Gou G, Li Z, Miao M, Zhong J, Chang W.",Plant physiology and biochemistry : PPB,2026-09-27,,10.1016/j.plaphy.2026.111789,https://doi.org/10.1016/j.plaphy.2026.111789,ROS; reactive oxygen species; signaling; ethylene; jasmon*; JA; cold stress; leaf; seed*; CRISPR,Europe PMC
"Ca2+, ROS and early signaling",11.0,Genome-Wide Identification and Characterization of the Annexin (ANN) Gene Family in Potato (Solanum tuberosum L.) and Its Role in Salt Stress Response Revealed by Integrated Transcriptome and WGCNA Analysis.,"Zhou Q, Li J.",Genes,2026-09-11,,10.3390/genes17091094,https://doi.org/10.3390/genes17091094,calcium; calcium signal*; annexin*; signaling; hormone*; salt stress; NaCl; stress respon*,Europe PMC
"Ca2+, ROS and early signaling",11.0,Proteomic evidence reveals that ROS regulation and methylglyoxal detoxification are central to Xa7-mediated resistance to bacterial leaf blight in rice seedlings,"Trung NQ, Dung PT, Hien PT, Hai TV, Thuy TTT, Canh NX.",Research Square,2026-09-22,yes,10.21203/rs.3.rs-10169682/v1,https://doi.org/10.21203/rs.3.rs-10169682/v1,ROS; reactive oxygen species; Xanthomonas; defense; leaf; seed*; development,Europe PMC
"Ca2+, ROS and early signaling",11.0,Tandem Kinase WTK1 Triggers Waves of Transcriptional Reprogramming Underlying Wheat Resistance to Stripe Rust.,"Govta L, Govta N, Potapenko E, Sela H, Coaker G, Fahima T.",Physiologia plantarum,2026-09-01,,10.1111/ppl.71103,https://doi.org/10.1111/ppl.71103,Ca2+; ROS; kinase*; signaling; immun*; pathogen*; defense; cell wall*; autophagy,Europe PMC
"Ca2+, ROS and early signaling",11.0,A redox-regulated RCC1-like protein controls catalase activity in Arabidopsis.,"Hu Z, Stolze SC, Mhamdi A, Van Breusegem F, Nakagami H, Ulm R.",Nature communications,2026-08-15,,10.1038/s41467-026-76792-x,https://doi.org/10.1038/s41467-026-76792-x,ROS; reactive oxygen species; hydrogen peroxide; signalling; stress respon*; peroxisom*; root; root growth; growth,Europe PMC
"Ca2+, ROS and early signaling",11.0,The evolution of Ca2+-ATPases across plants with profiles in Rhododendron and the function of key members in alleviating high calcium stress.,"Wen S, Zhou K, Min Y, Yang K, Shang C, Peng L, Cai X, Leng Y, Shen L, Deng L, Zeng Q, Zhao H, Bai Y, Zhang B, Zhang M, Wang Q, Fan F, Wen X, Qiao G, Ding G.",Horticulture research,2026-04-29,,10.1093/hr/uhag174,https://doi.org/10.1093/hr/uhag174,calcium; Ca2+; CBL*; CIPK*; kinase*; hormone*; development,Europe PMC
"Ca2+, ROS and early signaling",11.0,Molecular and biophysical foundations of nano-enabled seed priming and smart nanocarriers for crop stress alleviation.,"Abdulbaki AS, Alsamadany H, Olayinka BU, Alzahrani Y.",Frontiers in plant science,2026-09-18,,10.3389/fpls.2026.1954570,https://doi.org/10.3389/fpls.2026.1954570,Ca2+; ROS; membrane potential; CDPK*; MAPK*; signaling; phytohormone*; cell wall*; seed*,Europe PMC
"Ca2+, ROS and early signaling",10.5,Lipid-mediated regulation of stomatal dynamics during plant stress responses.,"Wu HC, Hsieh CK, Jinn TL.",Plant science : an international journal of experimental plant biology,2026-09-15,,10.1016/j.plantsci.2026.113450,https://doi.org/10.1016/j.plantsci.2026.113450,Ca²⁺; ROS; signaling; ABA; stress respon*; stoma*; guard cell*; development; differentiation,Europe PMC
"Ca2+, ROS and early signaling",10.5,The NAC Transcription Factor SlNAP2 Enhances Tomato Resistance to Ralstonia solanacearum,"Chen N, Xiao H, Wu J, Lai A, Shao Q.",Physiologia Plantarum,2026-01-01,,,https://europepmc.org/article/AGR/IND609487786,ROS; reactive oxygen species; signaling; jasmon*; JA; salicylic acid; immun*; pathogen*; defense; stress respon*; nucleus; CRISPR,Europe PMC
"Ca2+, ROS and early signaling",10.5,The MADS domain transcription factor AGAMOUS-LIKE 15 suppresses resistance against Botryosphaeria dothidea in apple,"Chu TG, Li WK, Zhao YW, Wang HC, Han PL, Hu DG.",Molecular breeding,2026-06-01,,,https://europepmc.org/article/AGR/IND609508929,ROS; reactive oxygen species; signal transduction; signaling; jasmon*; JA; immun*; pathogen*; defense; growth; development,Europe PMC
"Ca2+, ROS and early signaling",10.5,"Melatonin and Arbuscular Mycorrhizal Fungi Synergistically Activate Antioxidant Defense Cascades, Osmotic Priming, and Membrane Stabilization Pathways in Drought-Stressed Camelina sativa L. During Reproductive Development","Asghari MT, Fard SRM, Salavati S.",Research Square,2026-09-21,yes,10.21203/rs.3.rs-10788695/v1,https://doi.org/10.21203/rs.3.rs-10788695/v1,ROS; reactive oxygen species; signaling; phytohormone*; hormone*; mycorrhiz*; symbio*; defense; drought; plasma membrane; root; development,Europe PMC
"Ca2+, ROS and early signaling",10.5,The small GTP-binding protein GhARAC3 is involved in cotton resistance to Verticillium dahliae by regulating lignin metabolism,"Wu Y, Zhou J, Wei F, Zhao L, Zhang Y, Feng Z, Song Y, Li Y, Zhang X, Liu F, Sun J, Zhao J, Zhang T, Zhu Q, Zhu H, Feng H",Plant Physiology,2026-10-06,,10.1093/plphys/kiag734,https://doi.org/10.1093/plphys/kiag734,ROS; reactive oxygen species; ubiquitin*; immun*; pathogen*; defense; cell wall*; plasma membrane; nucleus,Crossref
"Ca2+, ROS and early signaling",10.0,"Exogenous melatonin enhances flooding tolerance in maize and is associated with coordinated redox, metabolic, and chloroplast responses.","Mao JY, Ali S, Gu YR, He R, Yang L, Yang H, Zhou XB.",Plant physiology and biochemistry : PPB,2026-10-01,,10.1016/j.plaphy.2026.111812,https://doi.org/10.1016/j.plaphy.2026.111812,ROS; H2O2; Rboh*; hormone*; flooding; chloroplast*; leaf; stoma*; seed*,Europe PMC
"Ca2+, ROS and early signaling",10.0,Integrated proteomic analysis reveals differential remodelling of defense responses in potato to herbivory by Phthorimaea operculella.,"Mao Z, Zhong J, Zhang Y, Yang S, Cai Y, Zhang Y, Chen X, Zhu Z, Zhou W.",Plant physiology and biochemistry : PPB,2026-09-08,,10.1016/j.plaphy.2026.111728,https://doi.org/10.1016/j.plaphy.2026.111728,calcium; CDPK*; kinase*; phosphoryl*; signaling; jasmon*; JA; salicylic acid; defense; leaves,Europe PMC
"Ca2+, ROS and early signaling",10.0,Transcriptional analyses of Arabidopsis lines overexpressing distinct PLC genes to explore their role in drought tolerance,"Hooren Mv, Munnik T.",Research Square,2026-10-05,yes,10.21203/rs.3.rs-10949746/v1,https://doi.org/10.21203/rs.3.rs-10949746/v1,ROS; signalling; second messenger*; auxin*; brassinosteroid*; drought; root; shoot*,Europe PMC
"Ca2+, ROS and early signaling",10.0,Fulvic acid and hydrogen sulfide synergistically mitigate chromium stress in tobacco seedlings by regulating oxidative stress indicators and antioxidant defense mechanisms.,"Shar AG, Junaid MB, Wei Z, Anjum F, Hussan MU, El-Hendawy S, Hussain S.",Functional plant biology : FPB,2026-09-01,,10.1071/fp25378,https://doi.org/10.1071/fp25378,ROS; reactive oxygen species; defense; chloroplast*; roots; leaf; stoma*; shoot*; seed*; growth; microscop*,Europe PMC
"Ca2+, ROS and early signaling",10.0,DELLA proteins enhance cadmium tolerance by coordinating redox protection and cadmium partitioning in Arabidopsis.,"Ding Q, Yao R, Cai Y, Zeng Y, Zhao S, Chen Y, Zheng T.",Planta,2026-09-20,,10.1007/s00425-026-05168-8,https://doi.org/10.1007/s00425-026-05168-8,reactive oxygen species; gibberellin*; GA; defense; cadmium; vacuol*; root; roots; shoot*; growth,Europe PMC
"Ca2+, ROS and early signaling",10.0,Blue Light Receptor PHR2-Mediated Spectrum Antiviral Immunity.,"Chen R, Tai Y, Wang X, Mu C, Liu X, Li G, Liu J, Lu X, Shi D, Zhou Z, Han J, Hao Z, Li M, Zhang D, Yong H, Xu Z, Weng J, Li X.","Advanced science (Weinheim, Baden-Wurttemberg, Germany)",2026-09-30,,10.1002/advs.78050,https://doi.org/10.1002/advs.78050,ROS; reactive oxygen species; receptor*; immun*; effector*; defense; chloroplast*; growth,Europe PMC
"Ca2+, ROS and early signaling",10.0,CIPK11 Regulates Plant Adaptation to Nitrate Availability in Arabidopsis.,"Wang H, Liu T, Xu H, Wang H, Chen X, Liu J, Liu L, Song X, Han X.","Plants (Basel, Switzerland)",2026-09-05,,10.3390/plants15172723,https://doi.org/10.3390/plants15172723,CBL*; CIPK*; kinase*; signaling; nitrate; plasma membrane; growth; development,Europe PMC
"Ca2+, ROS and early signaling",10.0,Plant growth regulator diethyl aminoethyl hexanoate suppresses Aspergillus flavus growth and aflatoxin biosynthesis through disruption of redox homeostasis.,"Ouyang K, He L, Zhao Y, Tan S, Chen G, Wu Y, Han X, Wan X, Zhi Q.",Applied and environmental microbiology,2026-09-14,,10.1128/aem.00970-26,https://doi.org/10.1128/aem.00970-26,ROS; reactive oxygen species; membrane potential; plasma membrane; mitochondri*; germination; growth; microscop*,Europe PMC
"Ca2+, ROS and early signaling",10.0,"Nitrogen Regulates Rice Seedling Growth, Antioxidants, and Metabolites Under Salt Stress","Mai Y, Peng J, Qiu Z, Wu Y, Tang SW, Zhang L, Mo Z.",Physiologia Plantarum,2026-01-01,,,https://europepmc.org/article/AGR/IND609463111,ROS; reactive oxygen species; hydrogen peroxide; salt stress; NaCl; nutrient*; seed*; growth,Europe PMC
"Ca2+, ROS and early signaling",10.0,The Evolutionarily Conserved Jasmonate Pathway Positively Affects Desiccation Tolerance on Syntrichia caninervis by Boosting Antioxidant Capacity,"Yang R, Liu X, Zhao M, Yin F, Li X, Zhang D.",Physiologia Plantarum,2026-01-01,,,https://europepmc.org/article/AGR/IND609487760,ROS; reactive oxygen species; phosphoryl*; signaling; jasmon*; JA; phytohormone*; heat stress,Europe PMC
"Ca2+, ROS and early signaling",10.0,GRF1 fine-tunes the copper-responsive transcription module of CPK3-bHLH107 by manipulating interaction and phosphorylation.,"Yu Y, Xia H, Dong R, Liu H, Chen X, Chu Z.",The Plant journal : for cell and molecular biology,2026-09-01,,10.1111/tpj.71150,https://doi.org/10.1111/tpj.71150,calcium; CPK*; kinase*; phosphoryl*; immun*; defense,Europe PMC
"Ca2+, ROS and early signaling",10.0,Microbial fuel cell biosensors for converting hydroponic root-exudate-derived carbon into electrical signals.,"Liu X, Li T, Zhang Y, Yan X, Huang S, Cheng R.",Bioresource technology,2026-10-03,,10.1016/j.biortech.2026.136001,https://doi.org/10.1016/j.biortech.2026.136001,electrical signal*; nutrient*; root; development; biosensor*,Europe PMC
"Ca2+, ROS and early signaling",10.0,"Multifunctional Hydrogels in Sustainable Agriculture: Structure Design, Application and Future Challenges.","Huang H, Wang L, Xue X, Yin M, Wang L, Dong Y, Xiao F, Chen X, Li C, Guo X, Wang X, Zhang L.","Gels (Basel, Switzerland)",2026-08-26,,10.3390/gels12090763,https://doi.org/10.3390/gels12090763,calcium; calcium signal*; signaling; immun*; defense; salinity; heavy metal*; root; seed*; germination; growth; development; microscop*,Europe PMC
"Ca2+, ROS and early signaling",10.0,Genome-wide identification and cold-stress-responsive expression analysis of the NOX gene family in Cucumis melo.,"Qian XD, Zhong YL, Zheng SH, Lü JN, Liu SS.",Yi chuan = Hereditas,2026-09-01,,10.16288/j.yczz.26-113,https://doi.org/10.16288/j.yczz.26-113,ROS; reactive oxygen species; NADPH oxidase*; CPK*; hormone*; cold stress; stress respon*; leaf; growth; development,Europe PMC
"Ca2+, ROS and early signaling",9.5,An apoplastic effector Uv7366 contributes to Ustilaginoidea virens virulence and elicits plant immunity.,"Wang S, Zhang W, Zheng W, Zhang Q, Yu M, Yu J, Cao H, Pan X, Qi Z, Du Y, Zhang R, Tang B, Song T, Liu Y.",Virulence,2026-09-11,,10.1080/21505594.2026.2728430,https://doi.org/10.1080/21505594.2026.2728430,ROS; reactive oxygen species; apoplast*; immun*; effector*; pathogen*; defense,Europe PMC
"Ca2+, ROS and early signaling",9.5,Ligand-dependent modulation of ROS response in soybean by Cu(II)-amino acid complexes.,"Castro J, Resplandes VLSB, Lopes GP, Tezotto T, Carvalho HWP, Abbehausen C.",Journal of inorganic biochemistry,2026-09-12,,10.1016/j.jinorgbio.2026.113459,https://doi.org/10.1016/j.jinorgbio.2026.113459,ROS; reactive oxygen species; hydrogen peroxide; salt stress; leaf,Europe PMC
"Ca2+, ROS and early signaling",9.5,A family of metabolite damage-control phosphatases modulates ROS-induced autophagy and plant stress resilience,"Ballhaus, F., Vella, V., Zou, Y., Hicks, G. R., Whittaker, J., Suarez Covarrubias, A., Ballante, F., Moazzami, A., Sabljic, I., Nishiotis, M. A., Roos, A., Kanagarajan, S., Berglund-Fick, S., Qian, W., Nestor, G., Bozhkov, P., Minina, E. A., Dauphinee, A. N.",bioRxiv,2026-09-29,yes,10.64898/2026.09.29.755255,https://doi.org/10.64898/2026.09.29.755255,ROS; reactive oxygen species; phosphatase*; signalling; autophagy; seed*; growth; development,Europe PMC
"Ca2+, ROS and early signaling",9.5,Transcriptomic analysis of reduced thermotolerance in Arabidopsis seedlings lacking the metacaspase AtMC1.,"Chen L, Ge X.",Frontiers in plant science,2026-09-09,,10.3389/fpls.2026.1873366,https://doi.org/10.3389/fpls.2026.1873366,ROS; reactive oxygen species; heat stress; stress respon*; endoplasmic reticulum; seed*; growth; development,Europe PMC
"Ca2+, ROS and early signaling",9.5,Unravelling Novel Genetic Determinants of Anaerobic Germination Tolerance in Tamil Nadu Rice Landraces via GWAS,"Mathankumar P, Geetha S, Ramasamy S, Ramalingam S, Kiruba G, Nallaiyan K.",Plant Breeding,2026-06-01,,,https://europepmc.org/article/AGR/IND609471691,calcium; Ca²⁺; reactive oxygen species; CIPK*; calmodulin*; kinase*; signalling; ethylene; hormone*; stress respon*; root; shoot*; seed*; germination; development,Europe PMC
"Ca2+, ROS and early signaling",9.5,"Dose-dependent gibberellic acid and benzylaminopurine priming coordinates transcriptional and metabolic reprogramming, enhancing photochemical efficiency to confer drought tolerance in pigeonpea.","Rani R, Kumar S, Singh A, Sreeharsha RV.",Frontiers in genetics,2026-09-17,,10.3389/fgene.2026.1895564,https://doi.org/10.3389/fgene.2026.1895564,calcium; pH; signaling; signalling; GA3; phytohormone*; elicitor*; drought,Europe PMC
"Ca2+, ROS and early signaling",9.5,Genome-Wide Characterization of Calmodulin-Binding Transcription Activators Genes in Aegilops tauschii.,"Nozari E, Asghari-Zakaria R, Zare N, Sheikhzadeh P, Nozari-Asbemarz M.",International journal of molecular sciences,2026-08-31,,10.3390/ijms27177790,https://doi.org/10.3390/ijms27177790,calcium; calcium signal*; calmodulin*; signaling; abscisic acid; hormone*; drought; stress respon*,Europe PMC
"Ca2+, ROS and early signaling",9.5,Evolutionary Dynamics of CBL Genes in Six Magnoliaceae Species and Conserved Function of CBL4 in Species‐Specific Cold Inducibility,"Ke Y, Sun L, Chen Y, Xu L, Yang L, Yin Z.",Physiologia Plantarum,2026-01-01,,,https://europepmc.org/article/AGR/IND609463118,calcium; Ca²⁺; ROS; CBL*; signaling; cold stress; stress respon*,Europe PMC
"Ca2+, ROS and early signaling",9.5,Genome-Wide Identification and Characterization of the CBL Gene Family in Ziziphus jujuba var. spinosa.,"Lu Y, Fan Y, Liu K, Wen J, Sun J, Sun W.",Genes,2026-09-15,,10.3390/genes17091121,https://doi.org/10.3390/genes17091121,calcium; calcium signal*; CBL*; signaling; hormone*; drought; stress respon*; plasma membrane,Europe PMC
"Ca2+, ROS and early signaling",9.5,A GWAS-identified U-box E3 ligase MsPUB6 is positively regulated by MsDREB1C and contributes to drought tolerance in alfalfa.,"Zhang Y, Jiang X, Leng H, Zhang T, Cui J, Dong Y, Yang Q, Zhang T, Kang J.",Plant physiology,2026-09-11,,10.1093/plphys/kiag679,https://doi.org/10.1093/plphys/kiag679,ROS; reactive oxygen species; signaling; ubiquitin*; ABA; drought; stress respon*; leaf; CRISPR,Europe PMC
"Ca2+, ROS and early signaling",9.0,REM Gene Family in Sugar Beet and Functional BvREM12 in Salt Stress Tolerance.,"Liu Y, Zhang J, Liu X, Sun X, Duanmu H.","Plants (Basel, Switzerland)",2026-09-08,,10.3390/plants15182745,https://doi.org/10.3390/plants15182745,Ca2+; ROS; signaling; salt stress; stress respon*; plasma membrane; nucleus; nanodomain*,Europe PMC
"Ca2+, ROS and early signaling",9.0,The plasma membrane bound transporter COPPER TRANSPORTER 2 facilitates palladium uptake in Arabidopsis,"Dobson, J. A., Jagielska, J., Maathuis, F., Bruce, N. C., Rylott, E. L.",bioRxiv,2026-09-23,yes,10.64898/2026.09.17.752439,https://doi.org/10.64898/2026.09.17.752439,ROS; reactive oxygen species; cadmium; stress respon*; plasma membrane; shoot*,Europe PMC
"Ca2+, ROS and early signaling",9.0,Multi-Omics Analysis Provides Insights Into the Molecular Mechanism of Melatonin-Mediated Cadmium Tolerance in Populus tomentosa.,"Sun L, An J, Yan T, Wang T, Shu X, Wang Z, Li H, Zhuang W.",Journal of pineal research,2026-09-01,,10.1111/jpi.70184,https://doi.org/10.1111/jpi.70184,ROS; reactive oxygen species; signaling; hormone*; cadmium; root; leaves; seed*; growth,Europe PMC
"Ca2+, ROS and early signaling",9.0,NtMYB78 enhances salt tolerance in tobacco by coordinating stress responsive transcription and lignin deposition.,"Lin J, Chen H, Li W, Wang X, Liu Y, Fan Y, Shao X, Zou M, Liu C, Ma Z, Li J, Pan X.",Plant physiology and biochemistry : PPB,2026-09-16,,10.1016/j.plaphy.2026.111761,https://doi.org/10.1016/j.plaphy.2026.111761,ROS; reactive oxygen species; defense; salt stress; salinity; stress respon*; germination; growth; development,Europe PMC
"Ca2+, ROS and early signaling",9.0,Exogenous Vitamin D Mitigates Salt Stress in Arabidopsis thaliana via Ion Homeostasis and Calcium‐Mediated Signaling,"Özdemirci B, Atıcı O, Bezirganoglu I, Kaya O.",Plant direct,2026-10-01,,,https://europepmc.org/article/PMC/PMC13635789,calcium; signaling; salt stress,Europe PMC
"Ca2+, ROS and early signaling",9.0,CAX1 beyond calcium transport: evidence for a transport-independent regulatory module in plants.,"Chavira F, Chacon-Avila D, Sarkar S, Hirschi KD, Bernal RA.",Frontiers in plant science,2026-09-07,,10.3389/fpls.2026.1937940,https://doi.org/10.3389/fpls.2026.1937940,calcium; Ca2+; phosphoryl*; signaling; stress respon*; vacuol*,Europe PMC
"Ca2+, ROS and early signaling",9.0,The GRAS transcription factor BpGRAS19 confers salt stress tolerance in birch by regulating ROS scavenging,"Hao F, Wang Q, Li W, Zhu W, Li L, Cui X, Ji X.",Trees,2026-08-01,,,https://europepmc.org/article/AGR/IND609519777,ROS; reactive oxygen species; salt stress; nuclear; growth; development; CRISPR,Europe PMC
"Ca2+, ROS and early signaling",9.0,Genome-Wide Identification and Analysis of Respiratory Burst Oxidase Homolog (RBOH) Gene Family in Nelumbo nucifera.,"Zou J, Ru G, Zhang Y, Zhang J, Li D, Feng K, Wu P, Zhao S, Shen L, Li L.",International journal of molecular sciences,2026-09-19,,10.3390/ijms27188366,https://doi.org/10.3390/ijms27188366,ROS; reactive oxygen species; Rboh*; signal transduction; hormone*; heat stress; stress respon*,Europe PMC
"Ca2+, ROS and early signaling",9.0,A CsWRKY46-CsPBL9-CsARI1 tripartite regulatory module coordinates H2O2 production and callose deposition in citrus fruit immunity.,"Xu C, Xie D, Fu Z, Xiao J, Yao J, Kang Z, Liu F, Bouzayen M, Li Z, Cheng Y.",Cell reports,2026-09-17,,10.1016/j.celrep.2026.118028,https://doi.org/10.1016/j.celrep.2026.118028,H2O2; hydrogen peroxide; phosphoryl*; ubiquitin*; immun*; pathogen*,Europe PMC
"Ca2+, ROS and early signaling",9.0,Calcium and autophagy connect photorespiratory oxidative signals with salicylic acid-mediated defense,"Ge Y, Xu B",Plant Physiology,2026-10-07,,10.1093/plphys/kiag741,https://doi.org/10.1093/plphys/kiag741,calcium; salicylic acid; defense; autophagy,Crossref
"Ca2+, ROS and early signaling",8.5,Cold-Induced Downregulation of TaSAP7-A2 Activates the TaCOLD1-2D-TaCML5-7B Module to Enhance Cold Tolerance in Wheat.,"Li T, Liu Y, Fu L, Zheng Y, Yu Y, Tian Y, Li H, Guo P, Zhao Y, Zhang X, Song Y, Min D.","Plant, cell & environment",2026-09-10,,10.1111/pce.70866,https://doi.org/10.1111/pce.70866,Ca2+; ROS; signalling; ABA; defence; cold stress; freezing; stoma*; seed*; growth; CRISPR,Europe PMC
"Ca2+, ROS and early signaling",8.5,Sexual dimorphism in poplar plants: Resource trade-offs and sex-specific strategic responses during leaf senescence.,"He F, Zhang Y, Deng SL, Liu XY, Ren GR, Yu XR, Li H, Wang T, Xu Y, Cui XY, Lin T.",Tree physiology,2026-09-21,,10.1093/treephys/tpag139,https://doi.org/10.1093/treephys/tpag139,ROS; reactive oxygen species; abscisic acid; ABA; salicylic acid; effector*; defense; nutrient*; leaf; growth,Europe PMC
"Ca2+, ROS and early signaling",8.5,GhVIP1-GhMYB44 module regulates cotton salt tolerance by regulating stress-related genes and enhancing ROS degradation.,"Shan H, Li Z, Liu C, Cui B, Bo X, Wang C, Liu Z, Li P, Liu Y, Lu Q, Xiao X, Yuan J, Zhang X, Liu F, Yang X, Zhang B, Peng R, Wei Y, Wan S.",Plant physiology and biochemistry : PPB,2026-08-20,,10.1016/j.plaphy.2026.111675,https://doi.org/10.1016/j.plaphy.2026.111675,ROS; reactive oxygen species; salt sens*; salt stress; root; germination,Europe PMC
"Ca2+, ROS and early signaling",8.5,Polyamine-mediated crosstalk in plant-microbe systems: implications for stress tolerance and crop protection.,"Rezaee Danesh Y, La Bella E, Cannata C, Vitale A.",Frontiers in plant science,2026-09-14,,10.3389/fpls.2026.1913716,https://doi.org/10.3389/fpls.2026.1913716,ROS; reactive oxygen species; signaling; pathogen*; Pseudomonas syringae; defense; growth; development; differentiation,Europe PMC
"Ca2+, ROS and early signaling",8.5,Physiological sub-typing of cold and freezing injury in Triticum turgidum subspecies with bioinformatic and expression characterization of glutathione reductase.,"Sipahi H, Kutlu I, Darwiche R.",PeerJ,2026-09-07,,10.7717/peerj.21678,https://doi.org/10.7717/peerj.21678,H2O2; hydrogen peroxide; abscisic acid; defense; freezing; stress respon*; chloroplast*; leaf,Europe PMC
"Ca2+, ROS and early signaling",8.5,"Identification and fine mapping of a novel leaf stripe resistance locus, QY-156, in the Tibetan hulless barley landrace Pengcuolinzongqingke","kang s, Zhang S, Tan Z, Bai Y, Jiang L, hou l.",Research Square,2026-09-09,yes,10.21203/rs.3.rs-9936927/v1,https://doi.org/10.21203/rs.3.rs-9936927/v1,GLR*; glutamate receptor-like; signal transduction; receptor*; pathogen*; stress respon*; leaf; seed*,Europe PMC
"Ca2+, ROS and early signaling",8.5,CpCBF6-Mediated Activation of Antioxidant Defense and Osmotic Adjustment Enhanced Cold Tolerance in Cerasus pseudocerasus Lindl.,"Fu J, Tang T, Wu J, Liu M, Yu Y, Yang Q, Tian T.",Physiologia plantarum,2026-09-01,,10.1111/ppl.71115,https://doi.org/10.1111/ppl.71115,ROS; reactive oxygen species; defense; osmotic stress; cold stress; stress respon*; nucleus; growth; development,Europe PMC
"Ca2+, ROS and early signaling",8.5,FaERF105 Confers Drought and Cold Tolerance Through Upregulating Antioxidant Capacity Associated With ROS Scavenging,"Li W, Li S, Sun R, Wang T, Pang N, Kang R, Ma Z, Li X, Han D.",Physiologia Plantarum,2026-01-01,,,https://europepmc.org/article/AGR/IND609463105,ROS; drought; cold stress; nucleus,Europe PMC
"Ca2+, ROS and early signaling",8.5,Humic Acid Induces an Adaptive Stress Response During Early Signaling in Rice,"de Oliveira Sátiro JN, García AC, de Souza AFF, de Oliveira CCL, da Silva Parente Nogueira AL, dos Santos RV, de Paiva Câncio IA, Tavares OCH, Berbara RLL, Fernandes MS, Santos LA.",Physiologia Plantarum,2026-01-01,,,https://europepmc.org/article/AGR/IND609463120,ROS; reactive oxygen species; signaling; jasmon*; hormone*; defense; stress respon*; roots,Europe PMC
"Ca2+, ROS and early signaling",8.5,Exogenous Quercetin Enhances Salt Tolerance in Apocynum venetum Seedlings: Insights From Physiology and Transcriptomic Regulation,"Zhao X, Buttar ZA, Zhao B, Jiang L.",Physiologia Plantarum,2026-01-01,,,https://europepmc.org/article/AGR/IND609487793,ROS; reactive oxygen species; signal transduction; hormone*; salt stress; root; leaves; stem; seed*,Europe PMC
"Ca2+, ROS and early signaling",8.5,Physiological and Biochemical Responses of Nitraria tangutorum to Long-Term Saline Irrigation in an Arid Coal-Mining Restoration Area.,"Waheed A, Qiao X, Wang H, Li M, Li X, Wang T, Aishajiang A, Xu H.",International journal of molecular sciences,2026-08-28,,10.3390/ijms27177694,https://doi.org/10.3390/ijms27177694,H2O2; hydrogen peroxide; signaling; phytohormone*; hormone*; salinity; nitrate; root; shoot*; growth,Europe PMC
"Ca2+, ROS and early signaling",8.5,CNGC Gene Family in Pyrus betulaefolia: Genome-Wide Analysis and CNGC4/14 Function in Salt Tolerance via DNA Methylation.,"Li H, Kan J, Liu Y, Liu C, Li X.",International journal of molecular sciences,2026-09-16,,10.3390/ijms27188252,https://doi.org/10.3390/ijms27188252,CNGC*; salt stress; root; roots; leaves; stems; growth; development,Europe PMC
"Ca2+, ROS and early signaling",8.5,Light and Nutrient Stress Interactively Regulate Phenylpropanoid Metabolism via Substrate Competition and ROS/RNS Signaling,"Rosli KA, Misran A, Latifah Saiful Yazan, Wahab PEM.",Physiologia Plantarum,2026-01-01,,,https://europepmc.org/article/AGR/IND609463115,ROS; hydrogen peroxide; signaling; defense; nutrient*; growth,Europe PMC
"Ca2+, ROS and early signaling",8.0,"Cloning and functional characterization of OsERFSR1, a negative regulator of salt stress tolerance in rice (Oryza sativa L.).","Yuan P, Yang L, Bu F, Xu H, Tang J, Hu W, Tang N, Jiang Q, Li Y, Tang J, Yin X, Xu Q.",Plant physiology and biochemistry : PPB,2026-09-08,,10.1016/j.plaphy.2026.111730,https://doi.org/10.1016/j.plaphy.2026.111730,H2O2; hydrogen peroxide; signal transduction; signaling; hormone*; defense; salt stress; growth; development; CRISPR,Europe PMC
"Ca2+, ROS and early signaling",8.0,Dynamic Filament Assembly Regulates the Prolyl Aminopeptidase Activity of Plant Immune Protein DM3,"Kim N, Wan W, Tan YY, Jang I, Chae E, Song J.",bioRxiv,2026-09-07,yes,10.64898/2026.09.03.749275,https://doi.org/10.64898/2026.09.03.749275,salt sens*; signaling; immun*; drought; stress respon*; microscop*,Europe PMC
"Ca2+, ROS and early signaling",8.0,Melatonin Attenuates Cadmium-Induced Oxidative Stress in Potato by Remodeling Redox Homeostasis and Activating Multi-Pathway Antioxidant Networks.,"Yao P, Cui J, Li W, Wei J, Wang Y, Sun C, Bi Z, Liu Z, Wang H, Liu Y, Bai J.","Antioxidants (Basel, Switzerland)",2026-09-17,,10.3390/antiox15091180,https://doi.org/10.3390/antiox15091180,Ca2+; ROS; signaling; defense; heavy metal*; cadmium; root; shoot*; seed*; growth,Europe PMC
"Ca2+, ROS and early signaling",8.0,Transcription Factor TCP9 Enhances Arabidopsis Tolerance to Cadmium Toxicity via ZAT6 and ZAT10 Activation.,"She J, Chen F, Liu J, He Y, Xie J, Li L, Li T, Lin J, Dang F.","Plants (Basel, Switzerland)",2026-08-24,,10.3390/plants15172563,https://doi.org/10.3390/plants15172563,H2O2; hydrogen peroxide; heavy metal*; cadmium; roots; shoot*,Europe PMC
"Ca2+, ROS and early signaling",8.0,Transcriptomics and resequencing reveal dual evolutionary strategies for salt tolerance in foxtail millet (Setaria italica (L.)).,"Liu M, Shen A, Xin FG, Tian RM, Li G, Dai S, Hou S, Wang XM, Fan GY, Cao SL, Liu W.",Frontiers in plant science,2026-09-16,,10.3389/fpls.2026.1938267,https://doi.org/10.3389/fpls.2026.1938267,ROS; salt sens*; abscisic acid; salt stress; salinity; NaCl; growth,Europe PMC
"Ca2+, ROS and early signaling",8.0,Plant Acupuncture: a low-cost and open-source device for local mechanical stimulation,"Daamen, A., Bellandi, A., Besten, M., Lamers, J., Woudenberg, S., Heijstek, C., Borst, J. W., Borassi, C., Sprakel, J.",bioRxiv,2026-09-13,yes,10.64898/2026.09.10.750389,https://doi.org/10.64898/2026.09.10.750389,calcium; calcium wave*; defense; actin; development; microscop*,Europe PMC
"Ca2+, ROS and early signaling",8.0,"Hydrophobic nano-calcium superphosphate enhances leaf disease resistance via coordinated physical, biochemical, and phyllosphere responses.","He T, Fu M, Wang M, Yang M, Li M, Du R, Lin R, Deng W, Yang M, Li A, Zhu S, Du F.",Journal of nanobiotechnology,2026-07-29,,10.1186/s12951-026-04828-x,https://doi.org/10.1186/s12951-026-04828-x,calcium; pathogen*; oomycete*; microbiota; stress respon*; leaf; leaves; seed*; growth,Europe PMC
"Ca2+, ROS and early signaling",8.0,Exogenous Melatonin Confers Thermotolerance in Water Spinach by Modulating Redox Metabolism and the Ascorbate-Glutathione Cycle.,"Wang X, Wang Z, Hao Y, Zhu G, Altaf MA.",Plant science : an international journal of experimental plant biology,2026-10-02,,10.1016/j.plantsci.2026.113480,https://doi.org/10.1016/j.plantsci.2026.113480,ROS; H2O2; hormone*; defense; heat stress; root; root architecture; growth,Europe PMC
"Ca2+, ROS and early signaling",8.0,Ionomic and metabolic signatures governing sterility mosaic disease resistance in pigeonpea.,"Kapoor P, Sharma M, Rao Mediga K, Saini S, Kshirsagar D, Chhabra S.",Frontiers in plant science,2026-09-03,,10.3389/fpls.2026.1870334,https://doi.org/10.3389/fpls.2026.1870334,calcium; calcium signal*; signaling; pathogen*; leaves; stoma*; guard cell*; trichome*; microscop*,Europe PMC
"Ca2+, ROS and early signaling",8.0,Calcium supply alters aquaporin transcription and enhances water deficit resilience in a Eucalyptus hybrid,"de Barros P, Valadares S, Pita-Barbosa A, Araújo W, de Barros N.",Trees,2026-04-01,,,https://europepmc.org/article/AGR/IND609518820,calcium; Ca²⁺; hydrogen peroxide; drought; roots; seed*; growth,Europe PMC
"Ca2+, ROS and early signaling",8.0,Dose-dependent effects of ursolic acid supplementation on post-thaw motility and mitochondrial activity of goat sperm.,"Ma G, Larbi A, Li C, Liang J, Bouabid B, Lv C, Wu G, Quan G, Jia B.",Animal reproduction science,2026-09-26,,10.1016/j.anireprosci.2026.108342,https://doi.org/10.1016/j.anireprosci.2026.108342,ROS; reactive oxygen species; membrane potential; annexin*; freezing; mitochondri*,Europe PMC
"Ca2+, ROS and early signaling",8.0,"Evaluation of Passiflora edulis Seed Extract and Piceatannol in Attenuating Hyperglycemia and Oxidative Stress Using Human and Nonhuman Antidiabetic Enzymes, Human Neutrophil Oxidative Burst, and Embryonic Zebrafish Hyperglycemia Model.","Mendonça ELSS, Ramalho A, Vaz BG, Oliveira ACM, Xavier JA, Freitas M, Fernandes E, Goulart MOF.",ACS omega,2026-09-14,,10.1021/acsomega.6c03845,https://doi.org/10.1021/acsomega.6c03845,ROS; oxidative burst; seed*; embryo*,Europe PMC
"Ca2+, ROS and early signaling",8.0,Microtubule Organisation Alteration Mediates Delayed Seed Germination in Aged Alfalfa Seeds,"Peng W, Cao D, Wang J, Su X, Cai W, Mao P, Li M, Dou L","Plant, Cell & Environment",2026-09-28,,10.1111/pce.70935,https://doi.org/10.1111/pce.70935,ROS; reactive oxygen species; microtubul*; seed*; germination,Crossref
"Ca2+, ROS and early signaling",7.5,Mitochondrial Respiratory Metabolism in Salt-Stressed Barley (Hordeum vulgare): TCA Cycle Activation With Limited GABA Shunt Engagement.,"Bandehagh A, Taylor NL.","Plant, cell & environment",2026-09-09,,10.1111/pce.70863,https://doi.org/10.1111/pce.70863,ROS; reactive oxygen species; salinity; mitochondri*,Europe PMC
"Ca2+, ROS and early signaling",7.5,Discovery and Structural Basis of Zoledronic Acid as a Potent SPS-Targeting Herbicide.,"Li M, Zhou SM, Wei JG, Zeng SJ, Li ZX, Zhao J, Marambe B, Xiao H, Wang DW.","Plant, cell & environment",2026-09-23,,10.1111/pce.70920,https://doi.org/10.1111/pce.70920,ROS; reactive oxygen species; root; root growth; growth; development,Europe PMC
"Ca2+, ROS and early signaling",7.5,Roflamycoin produced by Streptomyces alfalfae is involved in the antagonistic interaction with Fusarium pseudograminearum.,"Chen Y, Chen J, Jia R, Dong X, Cao S, Wang Y.",Pest management science,2026-09-30,,10.1002/ps.71338,https://doi.org/10.1002/ps.71338,reactive oxygen species; membrane potential; pathogen*; cell wall*; plasma membrane; mitochondri*; seed*; germination; growth; development; microscop*,Europe PMC
"Ca2+, ROS and early signaling",7.5,SlTCP16 confers disease resistance in tomato via a dual regulatory mechanism involving transcriptional activation and protein interaction with Sl4CL3.,"Liu C, Yang Y, Wang Y, Zhao Z, Sun W, Zhang H, Li D, Zhao T, Xu X.",TAG. Theoretical and applied genetics. Theoretische und angewandte Genetik,2026-09-23,,10.1007/s00122-026-05390-8,https://doi.org/10.1007/s00122-026-05390-8,ROS; reactive oxygen species; immun*; pathogen*; Pseudomonas syringae; defense,Europe PMC
"Ca2+, ROS and early signaling",7.5,Plant-Mediated Production of Antibacterial Nanomaterials Fulfilling a Reactive Oxygen Species Strategy.,Tsivileva O.,International journal of molecular sciences,2026-09-04,,10.3390/ijms27177895,https://doi.org/10.3390/ijms27177895,ROS; reactive oxygen species; pathogen*; development,Europe PMC
"Ca2+, ROS and early signaling",7.5,Dual-mode colorimetric and RGB detection of sulfide based on a magnetic Fe3O4/CoFe2O4/Ce-BDC hybrid nanozyme.,"Weng Q, Wen X, Wei T, Zhang Q, Zhu W, Hong J.",Mikrochimica acta,2026-09-08,,10.1007/s00604-026-08375-y,https://doi.org/10.1007/s00604-026-08375-y,ROS; reactive oxygen species; H2O2; hydrogen peroxide; development,Europe PMC
"Ca2+, ROS and early signaling",7.5,Graphene Oxide Enhances Drought Tolerance in Apple by Promoting ROS Scavenging and Regulating Amino Acid Contents,"Cheng P, Zhang J, Du W, Yang X, Zhang Y, Zheng Z, Khalil A, Han X, Niu C, Ma F, Guan Q.",Physiologia Plantarum,2026-01-01,,,https://europepmc.org/article/AGR/IND609463085,ROS; drought; stress respon*; root; development,Europe PMC
"Ca2+, ROS and early signaling",7.5,"Calcium, light and the adaptable topography of pectin in the cell wall of the streptophyte alga, Penium margaritaceum​","Domozych D, LoRicco JG, Bagdan K, Malone S, Becker M.",Research Square,2026-09-16,yes,10.21203/rs.3.rs-10842104/v1,https://doi.org/10.21203/rs.3.rs-10842104/v1,calcium; cell wall*; development; microscop*,Europe PMC
"Ca2+, ROS and early signaling",7.5,High Environmental Irradiance Induces Anatomical and Ultrastructural Damage in Citrus Leaves,"Bernardi LGP, Marques JPR, Bortoloti GA, Boaretto RM, Mattos D.",Physiologia Plantarum,2026-01-01,,,https://europepmc.org/article/AGR/IND609463095,calcium; nutrient*; mitochondri*; organelle*; leaf; leaves; development; microscop*,Europe PMC
"Ca2+, ROS and early signaling",7.5,Combined transcriptomics and metabolomics analysis reveals the molecular responses of heat tolerance during germination stage in sesame.,"Zeng P, Deng Y, Yan X, Wang Z, Liang J, Sun J.",Frontiers in plant science,2026-09-09,,10.3389/fpls.2026.1927626,https://doi.org/10.3389/fpls.2026.1927626,H2O2; hydrogen peroxide; signaling; hormone*; defense; heat stress; stress respon*; germination; growth,Europe PMC
"Ca2+, ROS and early signaling",7.0,Drought Stress Mediated Changes in Food Crops: Mechanisms and Remediation Strategies.,"Duan X, Wang L, Koski TM, An L, Efferth T, Fu Y.","Advanced science (Weinheim, Baden-Wurttemberg, Germany)",2026-09-16,,10.1002/advs.77194,https://doi.org/10.1002/advs.77194,ROS; signal transduction; signaling; microbiome*; microbiota; drought; root,Europe PMC
"Ca2+, ROS and early signaling",7.0,Foliar Application of Biostimulants Reprograms Antioxidants and Molecular Networks of Wheat Plants Grown in Saline-Alkali Environments.,"Ragab GA, Saad-Allah KM, Aljeddani GS, ALmoshadak AS, Felemban WF, Anazi HK, Huo S, Hu X, Elsherif DE.",Physiologia plantarum,2026-09-01,,10.1111/ppl.71124,https://doi.org/10.1111/ppl.71124,ROS; H2O2; MAPK*; defense; stress respon*; shoot*; growth,Europe PMC
"Ca2+, ROS and early signaling",7.0,Expression GWAS and Differential Methylome Profiling Reveal Upstream Regulators of Drought Memory Genes in Arabidopsis thaliana.,"Marik D, Kumar R, Sadhukhan A.","Plant, cell & environment",2026-09-22,,10.1111/pce.70914,https://doi.org/10.1111/pce.70914,CNGC*; signaling; ABA; JA; drought,Europe PMC
"Ca2+, ROS and early signaling",7.0,OsCSA Acts as an Upstream Activator of OsCOMT12 to Positively Regulate Copper Stress Tolerance in Rice.,"Lian W, Han H, Geng A, Yang Q, Liu S, Cai C, Zhao X, Wang X, Chen G.",Journal of pineal research,2026-11-01,,10.1111/jpi.70187,https://doi.org/10.1111/jpi.70187,ROS; reactive oxygen species; hydrogen peroxide; stress respon*; root; shoot*,Europe PMC
"Ca2+, ROS and early signaling",7.0,"Exogenous regulators that alleviate waterlogging stress in plants: mechanisms, integration, and translational strategies.","Sha S, Zeng C, Shang X, Zou B, Yang Y.",Planta,2026-09-26,,10.1007/s00425-026-05178-6,https://doi.org/10.1007/s00425-026-05178-6,ROS; oxidative burst; signaling; phytohormone*; microbiome*; hypoxia; nutrient*; mitochondri*,Europe PMC
"Ca2+, ROS and early signaling",7.0,Dual RNA‐Seq Analyses Provide Insights Into the Interaction Mechanisms Between Melampsora larici‐populina and Populus cathayana Under Nitrogen Starvation,"Song H, Dong T, Yan M, Xu X.",Physiologia Plantarum,2026-01-01,,,https://europepmc.org/article/AGR/IND609463124,ROS; reactive oxygen species; pathogen*; nutrient*; leaves; growth; development,Europe PMC
"Ca2+, ROS and early signaling",7.0,Nitric Oxide Alleviates Low-Light-Induced Photosynthetic Impairment by Improving Photosystem Coordination and Electron Transport in Tomato Seedlings.,"Chen X, Chen B, Hu L, Wen Z, Liu M, Yang Q, Liu H.","Plants (Basel, Switzerland)",2026-08-31,,10.3390/plants15172668,https://doi.org/10.3390/plants15172668,ROS; reactive oxygen species; signaling; defense; stress respon*; seed*; growth,Europe PMC
"Ca2+, ROS and early signaling",7.0,From stress signaling to yield stability: physiological and molecular mechanisms of wheat resilience to heat and drought stress.,"Ali S, Moon YS.",Planta,2026-09-12,,10.1007/s00425-026-05152-2,https://doi.org/10.1007/s00425-026-05152-2,calcium; reactive oxygen species; kinase*; signaling; defense; drought; stoma*; embryo*; growth; development,Europe PMC
"Ca2+, ROS and early signaling",7.0,Unveiling Foliar-Applied Calcium Translocation in Tomato: Evidence from Leaf-to-Fruit Movement Using Strontium Tracer.,"Santos E, Montanha GS, da Silva HJFA, da Silva NGDC, Franco FS, Brandão JR, Huatatoca KAC, Rezende VP, Virgilio A, Karunakaran C, Tanino K, Lavres J, Pereira de Carvalho HW.",Journal of experimental botany,2026-09-15,,10.1093/jxb/erag460,https://doi.org/10.1093/jxb/erag460,calcium; apoplast*; leaf; leaves; phloem; seed*; development,Europe PMC
"Ca2+, ROS and early signaling",7.0,Phenolic Chemical Defense Contributes to Resistance against Multiple Soybean Cyst Nematode Populations in Wild Soybean,"Zhang, H., Mittal, N., Li, X., Li, Z., Li, C., Chen, H.-Y., Davis, E., Li, C., Song, Q., An, Y.-q. C., Song, B.-H.",bioRxiv,2026-09-17,yes,10.64898/2026.09.12.751195,https://doi.org/10.64898/2026.09.12.751195,Ca²⁺; calmodulin*; signaling; salicylic acid; pathogen*; defense,Europe PMC
"Ca2+, ROS and early signaling",7.0,The trade-off mechanism between fiber elongation and seed vigor formation mediated by the RCD1-MYC3 module in cotton.,"Wang Y, Sun X, Ali F, Peng J, Wang Y, Wei Z, Li M, Liu Y, Pei Y, Yuan J, Yang Z, Ge X, Yang Z, Li F, Wang Z.",Science China. Life sciences,2026-09-09,,10.1007/s11427-025-3387-x,https://doi.org/10.1007/s11427-025-3387-x,ROS; reactive oxygen species; signaling; cell wall*; seed*; development,Europe PMC
"Ca2+, ROS and early signaling",7.0,Plant Prenyllipid Antioxidants and Their Role in the Response to Cold Stress,Nowicka B.,Preprints.org,2026-09-30,yes,10.20944/preprints202609.2719.v1,https://doi.org/10.20944/preprints202609.2719.v1,ROS; reactive oxygen species; cold stress; growth; development,Europe PMC
"Ca2+, ROS and early signaling",7.0,RsHSFA3 of Rhododendron simsii confers plant heat tolerance by molecular regulation.,"Zuo W, He Y, Zeng L, Guo Q, Li Q, Zhang B, Li H.",Plant physiology and biochemistry : PPB,2026-09-20,,10.1016/j.plaphy.2026.111742,https://doi.org/10.1016/j.plaphy.2026.111742,ROS; reactive oxygen species; heat stress; nucleus; CRISPR,Europe PMC
"Ca2+, ROS and early signaling",7.0,"H2O2 modification of cotton textile waste biochar for enhanced adsorption of basic red 46: performance, mechanism, and machine learning prediction.","Nguyen TH, Van HT, Hoang TK, Ngo VG, Lien Nguyen TB.",RSC advances,2026-09-11,,10.1039/d6ra05966j,https://doi.org/10.1039/d6ra05966j,H2O2; hydrogen peroxide; pH; machine learning,Europe PMC
"Ca2+, ROS and early signaling",7.0,Caenorhabditis elegans as a Model for Studying Nrf2/SKN-1 Activation in Alzheimer's Disease: Plant Bioactive Compounds and Therapeutic Translation.,"Bellver-Sanchis A, Ralchev NR, Romanska PR, Dyakova NK, Ivanova KI, Griñán-Ferré C, Marchev AS.",International journal of molecular sciences,2026-09-01,,10.3390/ijms27177833,https://doi.org/10.3390/ijms27177833,ROS; reactive oxygen species; signaling; pathogen*; nuclear; mitochondri*,Europe PMC
"Ca2+, ROS and early signaling",7.0,Integrated analysis of aluminum oxide nanoparticle effects on Camelina sativa performance and molecular signaling.,"Pokharel BR, Prakash A, Li L, Sheri V, Kohtz D, Hatami M, Zhang B.",3 Biotech,2026-09-15,,10.1007/s13205-026-05045-x,https://doi.org/10.1007/s13205-026-05045-x,H2O2; hydrogen peroxide; signaling; stress respon*; root; leaf; shoot*; growth; development,Europe PMC
"Ca2+, ROS and early signaling",7.0,Phosphorus-iron modified biochar reduces soil salinity and enhances carbon sequestration via calcium-sodium exchange and the reverse stimulation of iron-driven functional microbial taxa.,"Liang Y, Chang X, Zhou S, Zhang Z, Zhu X, Xue S.",Bioresource technology,2026-09-20,,10.1016/j.biortech.2026.135872,https://doi.org/10.1016/j.biortech.2026.135872,calcium; microbiota; salinity,Europe PMC
"Ca2+, ROS and early signaling",7.0,Curcumin Induces Autophagy Associated G1 Cell Cycle Arrest in Spodoptera frugiperda Sf9 Cells.,"Sethuraman V, Benshui S, Ramakrishnan J, Zhong G.",Archives of insect biochemistry and physiology,2026-09-01,,10.1002/arch.70220,https://doi.org/10.1002/arch.70220,reactive oxygen species; depolari*; kinase*; stress respon*; nuclear; mitochondri*; autophagy; growth; microscop*,Europe PMC
"Ca2+, ROS and early signaling",7.0,Wood-derived lignans magnolol and honokiol improve nutrient utilization in broilers and regulate inflammation and epithelial repair in vitro.,"Heckmann M, Stadlbauer V, Schwarzinger B, Neufeld N, Männer K, Weghuber J, Blank-Landeshammer B.",Poultry science,2026-08-15,,10.1016/j.psj.2026.107625,https://doi.org/10.1016/j.psj.2026.107625,calcium; reactive oxygen species; signaling; immun*; nutrient*; growth,Europe PMC
"Ca2+, ROS and early signaling",6.5,Unraveling the impact of vine growth habit on stem elongation through photosystem redox modulation and a proposed ELIP-GASA22 regulatory module in Glycinesoja.,"Kim K, Lee D, Jo H, Song JT, Lee JD.",Plant physiology and biochemistry : PPB,2026-09-04,,10.1016/j.plaphy.2026.111713,https://doi.org/10.1016/j.plaphy.2026.111713,ROS; signaling; gibberellin*; chloroplast*; stem; growth,Europe PMC
"Ca2+, ROS and early signaling",6.5,"HaLAC15, a laccase gene from Haloxylon ammodendron, enhances plant tolerance to pollutants via lignification and substrate degradation.","Lü X, He A, Li Y, Gao H, Zhang L, Wang R, Zhang H, Zhang J.",Plant science : an international journal of experimental plant biology,2026-09-08,,10.1016/j.plantsci.2026.113441,https://doi.org/10.1016/j.plantsci.2026.113441,H2O2; hydrogen peroxide; drought; heavy metal*; roots; growth,Europe PMC
"Ca2+, ROS and early signaling",6.5,Populus euphratica PeIDD5 regulates PeNAC029 to suppress salt tolerance in poplars.,"Zhao Z, Zhang Y, Yan C, Dong K, Li J, Yin K, Liu Z, Shi R, Xu J, Zhao R, Zhao N, Chen S.",Plant physiology and biochemistry : PPB,2026-09-15,,10.1016/j.plaphy.2026.111755,https://doi.org/10.1016/j.plaphy.2026.111755,ROS; salt sens*; salt stress; salinity; NaCl; leaves; growth,Europe PMC
"Ca2+, ROS and early signaling",6.5,Physiological and Proteomic Analyses Reveal the Adaptive Mechanisms of Maize Genotypes Under Potassium Deficiency.,"Yang X, Qin H, Zou F, Ma H, Li H, Ruan Y, Chen S.",International journal of molecular sciences,2026-09-17,,10.3390/ijms27188286,https://doi.org/10.3390/ijms27188286,ROS; H2O2; signaling; stress respon*; cell wall*; root; roots,Europe PMC
"Ca2+, ROS and early signaling",6.5,Unknown Functional Domain 506 Protein Regulates Zinc Tolerance in Apple,"Wang Q, Wang D, Xu M, Wang X, Chen G, Liu X, Chen Y, Wang A, Cao C, Liu D, Song L, Zhao L, You C.",Physiologia Plantarum,2026-01-01,,,https://europepmc.org/article/AGR/IND609463076,ROS; reactive oxygen species; hydrogen peroxide; heavy metal*; stress respon*; growth,Europe PMC
"Ca2+, ROS and early signaling",6.5,Candidate promoter-associated factors of BrAGPS1 identified by yeast one-hybrid screening in Chinese cabbage during Plasmodiophora brassicae infection.,"Wang X, Ye T, Wu Y, Li Y, Yan Q, Jiang J, Liang Y, Pang W.",Frontiers in plant science,2026-09-15,,10.3389/fpls.2026.1916221,https://doi.org/10.3389/fpls.2026.1916221,calcium; CPK*; kinase*; hormone*; root; roots; development,Europe PMC
"Ca2+, ROS and early signaling",6.5,Structure Design of a Calcium‐Fortified Vegan Food Based on Gels From Conventional Soy Protein Isolate Emulsions,"Batiller MJR, Pineda LR, de Oca Avalos JMM, Herrera ML, Martinez KD.",Journal of the American Oil Chemists' Society,2026-06-01,,,https://europepmc.org/article/AGR/IND609501310,calcium; development; confocal; microscop*,Europe PMC
"Ca2+, ROS and early signaling",6.5,The peroxidase OcPOD10 promotes the parasitism of sunflower broomrape (Orobanche cumana) via mediating reactive oxygen species (ROS) accumulation.,"Qing H, Zhao R, Jiang Y, Chaolumen, Li L, Yan F, Hasi A, Wuriyanghan H.",Plant science : an international journal of experimental plant biology,2026-09-17,,10.1016/j.plantsci.2026.113455,https://doi.org/10.1016/j.plantsci.2026.113455,ROS; reactive oxygen species; root,Europe PMC
"Ca2+, ROS and early signaling",6.5,Water stress and senescence increase calcium oxalate crystals and decrease their solubility in amaranth leaves,"Cerritos-Castro, I. T., Barrera-Pacheco, A., Patron-Soberano, O. A., Ramirez-Tobias, H. M., Barba de la Rosa, A. P.",bioRxiv,2026-09-18,yes,10.64898/2026.09.17.752438,https://doi.org/10.64898/2026.09.17.752438,calcium; leaf; leaves; microscop*,Europe PMC
"Ca2+, ROS and early signaling",6.5,"Rosa damascena-derived exosome-like nanovesicles inhibit Salmonella enterica via membrane disruption, oxidative stress, and virulence suppression.","Brahadeeswaran S, Tamizhselvi R.",World journal of microbiology & biotechnology,2026-09-21,,10.1007/s11274-026-05274-5,https://doi.org/10.1007/s11274-026-05274-5,ROS; reactive oxygen species; pathogen*; growth; microscop*,Europe PMC
"Ca2+, ROS and early signaling",6.5,Gustatory receptor 4 mediates oxidative stress signals to modulate adaptive feeding of Ostrinia furnacalis larvae under extreme temperatures.,"He L, Li Q, Shi J, Cheng Y, Guo Y, Wang Y, Zhang J, Zhao Z.",Pest management science,2026-09-30,,10.1002/ps.71357,https://doi.org/10.1002/ps.71357,ROS; reactive oxygen species; signaling; receptor*; defense; growth,Europe PMC
"Ca2+, ROS and early signaling",6.5,Eriobotrya japonica (Loquat) Leaf Extract: An Integral In Vitro and In Ovo Approach to Antimelanoma Potential and Safety.,"Cristea AM, Macaşoi IG, Haj Ali D, Jupâneanț RA, Coricovac DE, Dehelean CA, Tchiakpe-Antal DS, Dumitrașcu V, Jîjie AR, Lăcătuș M, Anton A.",International journal of molecular sciences,2026-08-27,,10.3390/ijms27177676,https://doi.org/10.3390/ijms27177676,ROS; reactive oxygen species; membrane potential; depolari*; nuclear; mitochondri*; leaf,Europe PMC
"Ca2+, ROS and early signaling",6.5,Rhizosphere Microbiomes Respond to Plant‐Parasitic Nematode Cues and Contribute to Host Defence,"Elhady A, Ashrafi S, Wennrich J, Stadler M, Hirt H, Heuer H","Plant, Cell & Environment",2026-10-06,,10.1111/pce.70964,https://doi.org/10.1111/pce.70964,ROS; reactive oxygen species; microbiome*; defence; root,Crossref
"Ca2+, ROS and early signaling",6.0,Calcium in agriculture and crop production.,"Zörb C, Geilfus CM.",Trends in plant science,2026-09-12,,10.1016/j.tplants.2026.08.010,https://doi.org/10.1016/j.tplants.2026.08.010,calcium; Ca2+; signaling; cell wall*; stem; xylem; phloem,Europe PMC
"Ca2+, ROS and early signaling",6.0,γ-Aminobutyric Acid Alleviates Cadmium Toxicity and Is Associated with Increased Ascorbate and Glutathione Levels in Brassica Species.,"Zeng X, Xu MQ, Yang XY, Xie LB, Zhang ZW, Yuan S.",International journal of molecular sciences,2026-09-20,,10.3390/ijms27188394,https://doi.org/10.3390/ijms27188394,H2O2; hydrogen peroxide; signaling; cadmium; stress respon*,Europe PMC
"Ca2+, ROS and early signaling",6.0,The Use of Fullerenol as a Seed Treatment to Maintain the Intensity of Physiological and Biochemical Processes of Wheat in Control and Low-Temperature Conditions.,"Deryabin A, Zhukova K, Naraikina N, Kochetkov I, Dzhafarova V, Venzhik Y.","Plants (Basel, Switzerland)",2026-09-03,,10.3390/plants15172704,https://doi.org/10.3390/plants15172704,ROS; H2O2; chloroplast*; seed*; growth,Europe PMC
"Ca2+, ROS and early signaling",6.0,Inoculation With Bacillus Enhances the Drought Tolerance Function of PlGLK1 in Paeonia lactiflora Pall,"Kan M, Kang X, Guan S, Xin R, Song W, Duan S, Zhou X, Sun X.",Physiologia Plantarum,2026-01-01,,,https://europepmc.org/article/AGR/IND609463067,ROS; defense; drought; nuclear; stoma*,Europe PMC
"Ca2+, ROS and early signaling",6.0,Bacillus-derived selenium nanoparticles modulate chromium(VI) toxicity through regulation of metal uptake and oxidative stress in chickpea (Cicer arietinum L.).,"Roy S, Das A, Chakraborty N, Sarkar AK, Maity R, Maity T, Samanta BC, Mondal G, Bhattacharyya P, Ganguly A, Sil SK, Patil SV, Rajput VD, Adak MK.",World journal of microbiology & biotechnology,2026-09-27,,10.1007/s11274-026-05271-8,https://doi.org/10.1007/s11274-026-05271-8,reactive oxygen species; hydrogen peroxide; defense; roots; stoma*; shoot*,Europe PMC
"Ca2+, ROS and early signaling",6.0,Rapid detection of Cd2+ ions in rice using DNAzyme gated graphene field-effect transistor.,"Chen J, Luo S, Mao Y, Wang L, Zheng L.",Biosensors & bioelectronics,2026-09-08,,10.1016/j.bios.2026.119212,https://doi.org/10.1016/j.bios.2026.119212,electrical signal*; heavy metal*; cadmium; biosensor*,Europe PMC
"Ca2+, ROS and early signaling",6.0,"Exogenous Polyamines and Plant Salinity Tolerance: A Systematic Review, Evidence Map, and Family-Aware Quantitative Synthesis.","Ribeiro JEDS, Silva TID, Coêlho EDS, Santos JJ, Silva ASM, Gomes EC, Oliveira PHA, Jamal A, Barros Júnior AP.","Antioxidants (Basel, Switzerland)",2026-09-14,,10.3390/antiox15091165,https://doi.org/10.3390/antiox15091165,H2O2; hydrogen peroxide; salinity,Europe PMC
"Ca2+, ROS and early signaling",6.0,"CaCRF6, A Cytokinin Response Factor, Confers Cold Tolerance in Capsicum","Zhang T, Cao T, Yang H, Kong W, Wang Y, Wang X, Cheng Y, Wei B.",Physiologia Plantarum,2026-01-01,,,https://europepmc.org/article/AGR/IND609487798,reactive oxygen species; cytokinin*; pathogen*; cold stress,Europe PMC
"Ca2+, ROS and early signaling",6.0,Benzaldehyde inhibits glutathione S-transferase activity and triggers reactive oxygen species accumulation in Meloidogyne incognita.,"Han S, Sun G, Yan Z, Qiao K.",Pest management science,2026-09-17,,10.1002/ps.71324,https://doi.org/10.1002/ps.71324,ROS; reactive oxygen species; vacuol*; root; roots; microscop*,Europe PMC
"Ca2+, ROS and early signaling",6.0,Root system architecture remodeling under oxygen-mediated subsurface drip irrigation: a mechanistic hypothesis framework linking multiphase mass transfer to root foraging decisions.,"Zhang Y, Zhao Y, Mo Y, Zhang Z, Ren W, Kong L.",Frontiers in plant science,2026-09-14,,10.3389/fpls.2026.1951701,https://doi.org/10.3389/fpls.2026.1951701,ROS; reactive oxygen species; signaling; auxin*; ethylene; nutrient*; root; roots; growth,Europe PMC
"Ca2+, ROS and early signaling",6.0,Response of red Cabbage to foliar spraying with potassium and nano-calcium under hydroponic conditions,"Adnan W, Alalawy H, كريم ش.",Research Square,2026-09-25,yes,10.21203/rs.3.rs-11144208/v1,https://doi.org/10.21203/rs.3.rs-11144208/v1,calcium; nutrient*; leaf; leaves; growth,Europe PMC
"Ca2+, ROS and early signaling",6.0,Positive and negative effects of CaMCA1 deletion on stress sensitivity and virulence,"Wilkinson, D.",bioRxiv,2026-09-23,yes,10.64898/2026.09.23.753419,https://doi.org/10.64898/2026.09.23.753419,calcium; hydrogen peroxide; immun*; growth; development; differentiation,Europe PMC
"Ca2+, ROS and early signaling",6.0,Autonomous Redox Rhythms and Their Coupling to the Circadian Clock.,"Karapetyan S, Dong X.",Advances in experimental medicine and biology,2026-01-01,,10.1007/978-3-032-36189-9_4,https://doi.org/10.1007/978-3-032-36189-9_4,ROS; reactive oxygen species; salicylic acid; immun*,Europe PMC
"Ca2+, ROS and early signaling",6.0,A Ca2+ sensor-transcription factor cascade regulates cell-wall fortification and broad-spectrum disease resistance in rice,"Lu H, Ye Z, Wu Y, Fan Y, Liu Y, Zhu X, Zhang X, Li K, Shangguan L, Wang J, Cui W, Ji T, Tao S, Xie X, Liu J, Zhao Y, Yang W, Wang Y, He Z, Gao M",Developmental Cell,2026-10,,10.1016/j.devcel.2026.09.006,https://doi.org/10.1016/j.devcel.2026.09.006,Ca2+; cell wall*,Crossref
Cell biology and organelles,12.5,Vesicle Trafficking Orchestrates Root Nodule Symbiosis.,"Zheng Z, Liu Q, Ren J, Su C, Pan H, Zheng Y, Kong Z, Gao C.","Plant, cell & environment",2026-09-23,,10.1111/pce.70912,https://doi.org/10.1111/pce.70912,receptor*; rhizobi*; symbio*; endosom*; trafficking; vesicle*; organelle*; root; development; organogenesis; differentiation,Europe PMC
Cell biology and organelles,12.0,ROPs.,"Zhou X, Yamamuro C, Yang Z.",Current biology : CB,2026-09-01,,10.1016/j.cub.2026.07.009,https://doi.org/10.1016/j.cub.2026.07.009,signaling; hormone*; stress respon*; cell wall*; trafficking; cytoskelet*; cell polarity; polarity; root; root hair*; meristem*; pollen tube*; growth,Europe PMC
Cell biology and organelles,12.0,Distinct nanoscale dynamics of growth receptor complexes link hormone perception to rapid cell wall remodeling,"Rausch, L., Balmes, A., Zoller, D., Singh, J., zur Oven-Krockhaus, S., Bettinger, H. F., Schaeffer, T. E., Harter, K. J. W.",bioRxiv,2026-09-11,yes,10.64898/2026.09.09.750143,https://doi.org/10.64898/2026.09.09.750143,apoplast*; pH; signaling; receptor*; brassinosteroid*; hormone*; cell wall*; cell elongation; hypocotyl*; growth; microscop*; super-resolution,Europe PMC
Cell biology and organelles,12.0,Beyond the nucleus: The TMK family in auxin signaling.,"Ali K, Li W.",Plant physiology and biochemistry : PPB,2026-09-05,,10.1016/j.plaphy.2026.111717,https://doi.org/10.1016/j.plaphy.2026.111717,apoplast*; kinase*; phosphoryl*; signaling; receptor*; auxin*; hormone*; plasma membrane; nucleus; cytoskelet*; growth; development,Europe PMC
Cell biology and organelles,11.5,Functional divergence of plant expansins as revealed by genetic complementation of root-hair tip growth in Arabidopsis thaliana.,"Zhou K, Hepler NK, Jia M, Cosgrove DJ.",Proceedings of the National Academy of Sciences of the United States of America,2026-09-23,,10.1073/pnas.2623483123,https://doi.org/10.1073/pnas.2623483123,cell wall*; trafficking; tip growth; root; root hair*; growth; CRISPR,Europe PMC
Cell biology and organelles,11.5,Polar auxin transport regulates initial auxin patterning and polar nuclear migration during lateral root initiation,"Kaneta, S., Kakimoto, T.",bioRxiv,2026-09-08,yes,10.64898/2026.09.04.749482,https://doi.org/10.64898/2026.09.04.749482,auxin*; nuclear; cell division; cell polarity; polarity; root; lateral root*; xylem,Europe PMC
Cell biology and organelles,11.0,Chloroplasts balance energy production and stress resilience via a cold-induced signaling pathway.,"Duan S, Zeng Y, Lin S, Shi M, Chen X, Zhang P, Hong L, Pan J, Chen Z, Wang J, Wang H, Wang HB, Jin HL.",Cell,2026-09-18,,10.1016/j.cell.2026.08.041,https://doi.org/10.1016/j.cell.2026.08.041,kinase*; phosphoryl*; signaling; defense; cold stress; stress respon*; plasma membrane; nucleus; nuclear; chloroplast*; organelle*; growth,Europe PMC
Cell biology and organelles,10.0,Essential roles of autophagy in multi-organelle reduction and remodeling during Arabidopsis seed maturation,"Seta K, Shinozaki D, Yoshimoto K.",Research Square,2026-09-17,yes,10.21203/rs.3.rs-10927347/v1,https://doi.org/10.21203/rs.3.rs-10927347/v1,endoplasmic reticulum; mitochondri*; peroxisom*; organelle*; autophagy; seed*; germination; development,Europe PMC
Cell biology and organelles,10.0,A kinesin motor complex localizes microtubule-severing proteins to direct gravitropism in Physcomitrium patens,"Deng Z, Chen Z, Xu T, Chen H",The Plant Cell,2026-10-05,,10.1093/plcell/koag307,https://doi.org/10.1093/plcell/koag307,auxin*; cytoskelet*; actin; microtubul*; polarity; gravitrop*; seed*; growth,Crossref
Cell biology and organelles,10.0,A laser capture microdissection‐based transcriptome analysis on salt glands highlights salt secretion mechanism in mangrove plant Avicennia marina,"Wei M, Sun L, Zhuang L, Hong X, Guo Z, Li H, Huang H, Zhang L, Ma D, Shen Z, Wang X, Zhu X, Tang H, Zheng H",The Plant Journal,2026-10,,10.1111/tpj.71143,https://doi.org/10.1111/tpj.71143,signaling; hormone*; salt stress; NaCl; cell wall*; mitochondri*; trafficking; vesicle*; leaves; epiderm*; microscop*,Crossref
Cell biology and organelles,9.5,Autophagy-related genes AtATG5 and AtATG7 influence reserve mobilization and ABA responses during Arabidopsis seed germination.,"Contreras E, Sánchez-Vicente I, Pastor-Mora E, Aylón-Rodríguez M, Ceballos MG, Delgado-Gutiérrez MÁ, Lorenzo Ó, Vicente-Carbajosa J, Iglesias-Fernández R.",Journal of experimental botany,2026-09-17,,10.1093/jxb/erag468,https://doi.org/10.1093/jxb/erag468,signaling; ABA; immun*; vacuol*; autophagy; seed*; germination,Europe PMC
Cell biology and organelles,9.0,Characterization of the C4 protein encoded by parsley yellow leaf curl virus.,"Zeitooni H, Lozano-Durán R, Shams-Bakhsh M.",Virology journal,2026-09-23,,10.1186/s12985-026-03309-9,https://doi.org/10.1186/s12985-026-03309-9,pathogen*; plasma membrane; nucleus; nuclear; chloroplast*; trafficking; leaf; stem; confocal; microscop*,Europe PMC
Cell biology and organelles,9.0,ENDOSOMAL SORTING COMPLEX REQUIRED FOR TRANSPORT machineries play crucial roles in vacuolar trafficking and cytokinesis in the moss Physcomitrium patens,"Ruan J, Yin Z, Gan Y, Jiang L, Guo C, Yi P",New Phytologist,2026-10-07,,10.1111/nph.71651,https://doi.org/10.1111/nph.71651,vacuol*; Golgi; endosom*; trafficking; endocytosis; microscop*,Crossref
Cell biology and organelles,8.5,Nitrate transiently rewires transcription in developing xylem of Populus wood to promote cell expansion via CRF4.,"Choudhary S, Renström A, Kochakarn TF, Miskolczi P, Piombo E, Chantreau M, Jose J, Jämtgård S, Gorzsás A, Henriksson J, Tuominen H.",The Plant cell,2026-09-18,,10.1093/plcell/koag281,https://doi.org/10.1093/plcell/koag281,signaling; cytokinin*; nitrate; nutrient*; cell wall*; cell expansion; xylem; development; single-cell,Europe PMC
Cell biology and organelles,8.5,An Aphid Protein Interferes with Plant endomembrane Trafficking Machinery to Promote Aphid Survival and Plant Growth,"Feiz, L., Movahed, N., Feng, H., Thirumlaikumar, V. P. P., Ivanov, S., Arora, D., Jander, G.",bioRxiv,2026-10-06,yes,10.64898/2026.10.02.756256,https://doi.org/10.64898/2026.10.02.756256,ubiquitin*; nutrient*; endoplasmic reticulum; ER; endosom*; trafficking; autophagy; phloem; growth,Europe PMC
Cell biology and organelles,8.5,Plant-adapted OTO staining improves ultrastructural imaging by transmission electron microscopy,"Yao, H., Jin, X., Sun, M., Cheng, H., Liao, Y., Jiang, Y., Zhao, H., Zhou, H.",bioRxiv,2026-09-11,yes,10.64898/2026.09.08.750243,https://doi.org/10.64898/2026.09.08.750243,cell wall*; vacuol*; nuclear; chloroplast*; mitochondri*; organelle*; roots; leaves; microscop*,Europe PMC
Cell biology and organelles,8.5,AtNHR2A and AtNHR2B participate in unconventional protein secretion in response to environmental stress,"Nguyen, T. K. H., Maia, T., Ojha, B., Rojas, C. M.",bioRxiv,2026-09-14,yes,10.64898/2026.09.10.750635,https://doi.org/10.64898/2026.09.10.750635,apoplast*; immun*; pathogen*; Pseudomonas syringae; vacuol*; Golgi; trafficking; vesicle*,Europe PMC
Cell biology and organelles,8.0,Arabidopsis BAG proteins regulate cellulose synthase stability,"Wang, P., Vanhoutte, I., Noack, L. C. M., Mylle, E., Schilling, N., Siao, W., Zhuang, X., Dagdas, Y., Jacobs, T. B., Persson, S., Van Damme, D., Russinova, E.",bioRxiv,2026-09-17,yes,10.64898/2026.09.12.751142,https://doi.org/10.64898/2026.09.12.751142,ubiquitin*; salt stress; cell wall*; plasma membrane; trafficking; endocytosis; hypocotyl*; growth,Europe PMC
Cell biology and organelles,8.0,Genome-Wide Identification and Characterization of the MAG2 Gene Family in Medicago sativa.,"Xu C, Zhou T, Huang Y, Yang Y, Liu J, Yang L, Li Q, Liu X, Zhang B.",Genes,2026-09-12,,10.3390/genes17091111,https://doi.org/10.3390/genes17091111,hormone*; stress respon*; ER; nucleus; chloroplast*; peroxisom*; Golgi; trafficking; vesicle*; organelle*; growth; development,Europe PMC
Cell biology and organelles,8.0,OsFH14 Regulates Salt-Induced Plasmodesmata Permeability Enhancement to Promote Rice Salt Tolerance Through Actin Bundling.,"Zhou Y, Zheng H, Shen Y, Lu Y, Shen X, Ren Y, Wan J, Huang S.","Plant, cell & environment",2026-09-27,,10.1111/pce.70922,https://doi.org/10.1111/pce.70922,salt stress; NaCl; cytoskelet*; actin; plasmodesmat*; CRISPR,Europe PMC
Cell biology and organelles,7.5,A Grass-Specific Structural Myosin VIII Regulates Protoxylem Development and Hydraulic Conductance in Sorghum.,"Liu Z, Tian R, D'Agostino L, Xin Z, Chen J, Patil GB, Jiao Y.",Plant physiology,2026-09-22,,10.1093/plphys/kiag712,https://doi.org/10.1093/plphys/kiag712,cell wall*; actin; microtubul*; leaf; leaves; xylem; development; differentiation; single-cell,Europe PMC
Cell biology and organelles,7.5,Beyond parallel pathways: molecular integration and functional crosstalk between autophagy and endocytosis in plants.,Sakil MA.,Protoplasma,2026-09-23,,10.1007/s00709-026-02269-9,https://doi.org/10.1007/s00709-026-02269-9,immun*; nutrient*; stress respon*; trafficking; endocytosis; autophagy; development,Europe PMC
Cell biology and organelles,7.5,Arabidopsis TPXL Proteins Mediate a Selective Aurora Kinase-Microtubule Association During Cell Division.,"Cao S, Chen Y, Weng Z, Ren H, Du P.",International journal of molecular sciences,2026-09-08,,10.3390/ijms27187980,https://doi.org/10.3390/ijms27187980,kinase*; signaling; microtubul*; cell division,Europe PMC
Cell biology and organelles,7.5,"AATRhg1 is a tonoplast protein that alters amino acid, metabolic and defense responses and nematode resistance.","Du Y, Lowenstein A, El-Azaz Ciudad J, Maeda HA, Bent AF.",Plant physiology,2026-09-21,,10.1093/plphys/kiag706,https://doi.org/10.1093/plphys/kiag706,MAPK*; signaling; ethylene; defense; tonoplast; root; confocal; microscop*,Europe PMC
Cell biology and organelles,7.5,Autophagy reshapes plant hormone signaling.,"Li Y, Wang Y, Yang C.",Trends in biochemical sciences,2026-09-11,,10.1016/j.tibs.2026.08.013,https://doi.org/10.1016/j.tibs.2026.08.013,signal transduction; signaling; ubiquitin*; hormone*; vacuol*; endosom*; autophagy,Europe PMC
Cell biology and organelles,7.5,RABC1 regulates ER-phagy to maintain ER homeostasis in plants.,"Hu S, Ma X, Wang Z, Shen J.",Autophagy,2026-10-04,,10.1080/15548627.2026.2739788,https://doi.org/10.1080/15548627.2026.2739788,effector*; vacuol*; endoplasmic reticulum; ER; Golgi; autophagy; root,Europe PMC
Cell biology and organelles,7.5,Genome Engineering in Microalgae from Nucleus to Organelles: A Cross-Kingdom Comparative,"Lee J, Kim K, Dürr K, Liu Y, Yoon H, Yoon J, Koo B, Kim A, Lee H, Kim EY.",Preprints.org,2026-09-23,yes,10.20944/preprints202609.2051.v1,https://doi.org/10.20944/preprints202609.2051.v1,nucleus; nuclear; chloroplast*; mitochondri*; organelle*; development; CRISPR,Europe PMC
Cell biology and organelles,7.5,"How extracellular vesicles contribute to pulmonary fibrosis: miRNA-mediated mechanisms, diagnostic potential, and emerging therapeutic strategies.","Liu X, Zhao Z, Zhu L, Zhang W, Zhou J, Wu X, Jiang L.",Molecular biology reports,2026-10-01,,10.1007/s11033-026-12858-9,https://doi.org/10.1007/s11033-026-12858-9,signaling; immun*; pathogen*; mitochondri*; vesicle*; stem; stem cell*; growth,Europe PMC
Cell biology and organelles,7.5,Integrating multi-omics to reveal the regulatory mechanisms of microfilament cytoskeleton in programmed cell death during seed cryopreservation.,"Ren R, Zhu Q, Cheng D, Li J, Zhang B, Fan J, Yang X.",Plant physiology and biochemistry : PPB,2026-09-10,,10.1016/j.plaphy.2026.111738,https://doi.org/10.1016/j.plaphy.2026.111738,MAPK*; signaling; cold stress; stress respon*; endoplasmic reticulum; cytoskelet*; seed*,Europe PMC
Cell biology and organelles,7.5,TgDDP is a novel DIX domain protein that plays an essential role in Toxoplasma endodyogeny.,"Gaji RY, Mandadi P, Ali D, Coppens I, Agyei FK, Scharf BE, Karki S, Aylward F, Hanrahan WJ, Brown AM.",mBio,2026-09-28,,10.1128/mbio.01952-26,https://doi.org/10.1128/mbio.01952-26,auxin*; immun*; pathogen*; nuclear; Golgi; trafficking; cell division; microscop*,Europe PMC
Cell biology and organelles,7.5,"Early leaf senescence observed in the pen1pen3 double mutant is not dependent on HIR2, a protein that physically interacts with PEN1.","Nguyen TA, Soriano DA, Brusslan JA.",microPublication biology,2026-09-04,,10.17912/micropub.biology.002392,https://doi.org/10.17912/micropub.biology.002392,receptor*; salicylic acid; phytohormone*; immun*; defense; plasma membrane; nanodomain*; leaf,Europe PMC
Cell biology and organelles,7.0,"AHL13, AHL19 and AHL20 Genes Differentially Regulate Cell Wall-Associated Defense Responses under Fumonisin B1-Induced Stress in Arabidopsis thaliana.","Gokce A, Akba Z, Bagci U, Sekmen AH.",Plant science : an international journal of experimental plant biology,2026-10-03,,10.1016/j.plantsci.2026.113487,https://doi.org/10.1016/j.plantsci.2026.113487,ROS; defense; cell wall*; nuclear; growth,Europe PMC
Cell biology and organelles,7.0,"Aphanomyces euteiches causes disease in Lathyrus sativus with a globally diverse, polygenic resistance landscape.","Rodriguez-Mena S, González M, Valiollahi E, Santos C, Rubiales D, Vaz Patto MC.",TAG. Theoretical and applied genetics. Theoretische und angewandte Genetik,2026-09-21,,10.1007/s00122-026-05372-w,https://doi.org/10.1007/s00122-026-05372-w,signal transduction; signalling; ethylene; pathogen*; cell wall*; trafficking; vesicle*; root,Europe PMC
Cell biology and organelles,7.0,Transcriptomic and Metabolomic Investigation of Cell Wall Remodeling and Hormonal Signaling Dysfunction in Short Silique Mutant Rapeseed.,"Zhou M, Song X, Dai B, Zhou W, Zan X, Jing Q, Yu Q, Deng W.",International journal of molecular sciences,2026-09-19,,10.3390/ijms27188349,https://doi.org/10.3390/ijms27188349,signal transduction; signaling; IAA; GA; hormone*; cell wall*; cell expansion; seed*; epiderm*; development; CRISPR,Europe PMC
Cell biology and organelles,6.5,Myosin-Driven Nuclear Movement Generates Stromules in Arabidopsis thaliana,"Erickson, J. L., Marx, J., Oezyuerek, S., Ortmann, S., Brueckner, V., Guizani, C., Gurowietz, A., Alfs, C., Moeller, B., Schattat, M. H.",bioRxiv,2026-10-06,yes,10.64898/2026.10.05.756700,https://doi.org/10.64898/2026.10.05.756700,pathogen*; nucleus; nuclear; microtubul*; time-lapse,Europe PMC
Cell biology and organelles,6.5,Building peroxisomes: perspectives on plant peroxins.,"Buck GC, Bartel B.",Biochemical Society transactions,2026-09-01,,10.1042/bst20230940,https://doi.org/10.1042/bst20230940,phytohormone*; peroxisom*; organelle*; germination; development; microscop*,Europe PMC
Cell biology and organelles,6.5,CrRAP2.2 reprograms transcriptional networks associated with vascular cell wall remodeling and stress responses in Citrus,"Carvalho IGB, Silva MdSe, Silva NV, Marques JPR, Silva VSd, Santos LNd, Takita MA, de Souza AA.",Research Square,2026-09-16,yes,10.21203/rs.3.rs-10592063/v1,https://doi.org/10.21203/rs.3.rs-10592063/v1,ethylene; defense; stress respon*; cell wall*; xylem; growth; development,Europe PMC
Cell biology and organelles,6.5,The role of SlGH9-16 cellulase in gynoecium morphogenesis and fruit texture in tomato.,"de la Mora-Franco D, Bernal-Gallardo JJ, López-Gómez P, Martínez-Estrada E, Hernández-Cano GN, López-Pérez MG, de Folter S.",Plant physiology and biochemistry : PPB,2026-09-06,,10.1016/j.plaphy.2026.111720,https://doi.org/10.1016/j.plaphy.2026.111720,cell wall*; cell division; cell expansion; development; morphogen*; differentiation; CRISPR,Europe PMC
Cell biology and organelles,6.5,More than the 'master regulator of cytosolic proteostasis': new roles for HSF1 in promoting tissue health.,Labbadia J.,"Philosophical transactions of the Royal Society of London. Series B, Biological sciences",2026-10-01,,10.1098/rstb.2025.0270,https://doi.org/10.1098/rstb.2025.0270,stress respon*; endoplasmic reticulum; nucleus; chloroplast*; mitochondri*; peroxisom*; organelle*,Europe PMC
Cell biology and organelles,6.5,"Cell architecture regulates species-specific micro-nanoplastic toxicity through targeted organelle disruption and energetic pathway rewiring in freshwater algae: Insights from deuterium isotope tracing, ultrastructural profiling, and multi-omics.","Jiang X, Guo W, Qiu H, Zeng L, Wang L, He S, Qin Q, Wang J, Sun L, Sun Y, Yang S, Lu P, Li X, Liu H, Xue Y.",Journal of hazardous materials,2026-09-23,,10.1016/j.jhazmat.2026.143714,https://doi.org/10.1016/j.jhazmat.2026.143714,phosphoryl*; cell wall*; chloroplast*; mitochondri*; organelle*; growth,Europe PMC
Cell biology and organelles,6.5,Swe1 delays cell cycle progression during impaired mitochondrial inheritance to promote mitochondrial homeostasis,"Dengler, L., Kukhtevich, I., Zhang, Y., Meyer, H., Schuldiner, M., Schneider, R., Ewald, J. C.",bioRxiv,2026-09-22,yes,10.64898/2026.09.18.752582,https://doi.org/10.64898/2026.09.18.752582,kinase*; auxin*; mitochondri*; cell division; growth; morphogen*,Europe PMC
Cell biology and organelles,6.5,Heat stress induces organelle alterations in Macrocystis pyrifera gametophytes,"Harden M, Koos DS, Arzuyan K, Kovalev M, Lansford R, Alberto F, Nuzhdin S.",Journal of Phycology,2026-08-01,,,https://europepmc.org/article/AGR/IND609534037,microbiome*; heat stress; nuclear; chloroplast*; organelle*; confocal; microscop*,Europe PMC
Cell biology and organelles,6.5,Hierarchical regulation of oxygen-sensing through coupled transducers in Arabidopsis thaliana,"Manrique-Gil I, Dambire C, Ubeda-Tomás S, Sharma G, Abbas M, Sousa Correia C, Bombana A, Swarup R, Mitchell NJ, Oldham NJ, Holdsworth MJ",Nature Communications,2026-09-16,,10.1038/s41467-026-77710-x,https://doi.org/10.1038/s41467-026-77710-x,ethylene; hypoxia; stress respon*; endoplasmic reticulum; nucleus; root; development,Crossref
Cell biology and organelles,6.0,VvDLK negatively regulates cold tolerance by interacting with Vv14-3-3A in grapevine.,"Wu J, Shi W, Luo S, Armlich LM, Wu Y, Liu Q, Chen X, Eliseev R, Kretzler NK, Halavath SK, Guan P, Nick P.",Plant physiology,2026-09-30,,10.1093/plphys/kiag728,https://doi.org/10.1093/plphys/kiag728,signaling; immun*; cold stress; plasma membrane; nucleus; microtubul*; CRISPR,Europe PMC
Cell biology and organelles,6.0,Cross talk between plant photoreceptor signaling and chloroplast signaling: implications for physiological regulation.,"Yang H, Zhang T, Liu Y, Shan Y, Yang L, Liu Y, Yang Z, Li F, Peng J, Wang Z.",Planta,2026-09-28,,10.1007/s00425-026-05179-5,https://doi.org/10.1007/s00425-026-05179-5,signaling; stress respon*; nucleus; nuclear; chloroplast*; growth; development,Europe PMC
Cell biology and organelles,6.0,Cytological basis and key metabolite profiling of fresh tobacco leaves with different oiliness indices in Yunyan 87.,"Hu X, Xu W, Chen H, Pan S, Xue Y, Zhang L, Zhang Y.",Frontiers in plant science,2026-09-04,,10.3389/fpls.2026.1911537,https://doi.org/10.3389/fpls.2026.1911537,vacuol*; chloroplast*; mitochondri*; leaves; trichome*; microscop*,Europe PMC
Cell biology and organelles,6.0,The PhyB-PIF4 module directly photoregulates BR-ENHANCED EXPRESSION genes to enhance stem fiber cell elongation in Arabidopsis.,"Xin H, Luo F, Zong D, Guo X, Vierstra RD, Li L.",The Plant journal : for cell and molecular biology,2026-09-01,,10.1111/tpj.71110,https://doi.org/10.1111/tpj.71110,cell wall*; cell elongation; stem; stems; growth,Europe PMC
Cell biology and organelles,6.0,A redox switch on CDC48 regulates peroxisomal function via controlling peroxisome-associated protein degradation.,"Li J, Wang Y, Pan R, Lin R.",Nature communications,2026-08-26,,10.1038/s41467-026-77146-3,https://doi.org/10.1038/s41467-026-77146-3,ubiquitin*; nuclear; peroxisom*; organelle*; cell division; development,Europe PMC
"Growth, development and organs",24.0,Habitat-Adapted Fungal Symbionts Promote Salt Stress Tolerance Through Distinct Root Mechanisms and Shared Shoot Regulatory Networks in Arabidopsis thaliana.,"Martínez-Fenoll S, González Ortega-Villaizán A, Rodríguez-Dobreva E, Morales-Quintana L, Ramos P, Vicente-Carbajosa J, Haro R, Benito B, Pollmann S.",International journal of molecular sciences,2026-08-25,,10.3390/ijms27177590,https://doi.org/10.3390/ijms27177590,signaling; auxin*; abscisic acid; ABA; ethylene; hormone*; symbio*; endophyt*; defense; salt stress; salinity; osmotic stress; stress respon*; cell wall*; root; roots; root hair*; root development; shoot*; growth; development,Europe PMC
"Growth, development and organs",22.0,Spatial and developmental reprogramming enables root growth under high salinity in the extremophyte Schrenkiella parvula,"Nguyen, T. T., Garcia, J. R., Wimalagunasekara, S., Garcia, R. S., Holliday, H., Iftesum, M. T., Kocaoglan, E. G., Gartia, M. R., Dinneny, J. R., Dassanayake, M.",bioRxiv,2026-09-17,yes,10.64898/2026.09.15.751606,https://doi.org/10.64898/2026.09.15.751606,ROS; signaling; auxin*; jasmon*; JA; hormone*; salt stress; salinity; stress respon*; cell wall*; tip growth; root; lateral root*; primary root*; root growth; growth; development,Europe PMC
"Growth, development and organs",21.5,Aquaporin AtTIP5;1 negatively regulates nitric oxide-promoted lateral root development by affecting auxin transport and homeostasis of reactive oxygen species in roots of Arabidopsis.,"Zhu Q, Li P, Sun L, He S, Hao F.",Plant signaling & behavior,2026-09-26,,10.1080/15592324.2026.2739433,https://doi.org/10.1080/15592324.2026.2739433,ROS; reactive oxygen species; hydrogen peroxide; auxin*; tonoplast; root; roots; lateral root*; root development; growth; development,Europe PMC
"Growth, development and organs",21.5,Nitric oxide and redox signaling networks governing plant stem cell homeostasis.,"El-Beltagi HS, Abdel-Haleem M, Khedr N, Al Saikhan MS, Shalaby TA, Khedr EH.",Plant science : an international journal of experimental plant biology,2026-09-19,,10.1016/j.plantsci.2026.113464,https://doi.org/10.1016/j.plantsci.2026.113464,ROS; reactive oxygen species; hydrogen peroxide; signaling; auxin*; abscisic acid; gibberellin*; cytokinin*; salinity; hypoxia; nutrient*; heavy metal*; mitochondri*; root; stem; meristem*; stem cell*; shoot*; growth; differentiation,Europe PMC
"Growth, development and organs",20.5,Auxin-responsive SlXTH3 promotes Ralstonia solanacearum infection by modulating lateral root development and root immunity in tomato.,"Zheng X, Du X, Chen J, Liang H, Wu W, Wang P.",Plant cell reports,2026-09-09,,10.1007/s00299-026-03968-6,https://doi.org/10.1007/s00299-026-03968-6,ROS; reactive oxygen species; auxin*; immun*; flg22; pathogen*; defense; cell wall*; root; roots; lateral root*; root development; seed*; development,Europe PMC
"Growth, development and organs",20.5,The bp-miR156c-BpSPL2 module positively regulates drought tolerance by mediating lateral root development and reactive oxygen species scavenging in Betula platyphylla.,"Peng H, Hongrui Z, Jiaqian A, Zhongjia Y, Huilei D, Huihui Z, Xuemei L.",Plant cell reports,2026-09-08,,10.1007/s00299-026-03924-4,https://doi.org/10.1007/s00299-026-03924-4,ROS; reactive oxygen species; auxin*; IAA; drought; root; lateral root*; root growth; root development; leaves; growth; development,Europe PMC
"Growth, development and organs",19.5,RUB-Associated Regulation of Aluminum Sensitivity Reveals a New Layer of Aluminum Stress Signaling in Arabidopsis.,"Thakral V, Kshetry AO, Gundu S, Cook S, Shinde S, Subhash MVS, Natarajan P, López-Ortiz C, Boora N, Chinreddy SR, Gracia-Rodriguez C, Wong AC, Balagurusamy N, Nimmakayala P, Reddy UK.","Plant, cell & environment",2026-09-21,,10.1111/pce.70892,https://doi.org/10.1111/pce.70892,ROS; reactive oxygen species; MAPK*; signaling; ubiquitin*; stress respon*; root; root hair*; lateral root*; root growth; root development; root tip*; root architecture; growth; development,Europe PMC
"Growth, development and organs",19.0,"Auxin, Strigolactones, and Nitric Oxide Coordinate Lateral Root Development in Rice During Early Interaction With Rhizophagus irregularis.","Raffaele G, Ronzan M, Del Dottore E, Wang JY, Bianchini P, Diaspro A, Filippeschi C, Al-Babili S, De Gara L, Mazzolai B.",Physiologia plantarum,2026-09-01,,10.1111/ppl.71099,https://doi.org/10.1111/ppl.71099,signaling; auxin*; IAA; strigolactone*; hormone*; mycorrhiz*; symbio*; nitrate; nutrient*; root; roots; lateral root*; root development; root architecture; development,Europe PMC
"Growth, development and organs",16.0,Auxin is involved in NtIAA17-mediated regulation of root development under salt stress in tobacco.,"He F, Li C, Liu S, Jia Z, Zhu Z, Yang Y, Zhang S, Luo Y, Jia H.",Planta,2026-09-09,,10.1007/s00425-026-05151-3,https://doi.org/10.1007/s00425-026-05151-3,salt sens*; signal transduction; auxin*; IAA; hormone*; defense; salt stress; nucleus; root; root growth; root development; growth; development; CRISPR,Europe PMC
"Growth, development and organs",15.5,Auxin-rhizomicrobiome interactions as a driver of climate-resilient root architecture: a conceptual framework for sustainable agriculture.,"Iddrisu AM, Özgen İ.",Frontiers in plant science,2026-09-15,,10.3389/fpls.2026.1839892,https://doi.org/10.3389/fpls.2026.1839892,signaling; auxin*; IAA; hormone*; microbiome*; salinity; drought; nutrient*; root; root hair*; lateral root*; root architecture; growth; development,Europe PMC
"Growth, development and organs",15.5,Quantitative Measurement of Basipetal Auxin Transport in Arabidopsis Roots Via 3H-IAA Labeling.,"Gan Y, Peng Y, Tan S.","Methods in molecular biology (Clifton, N.J.)",2027-01-01,,10.1007/978-1-0716-5603-7_12,https://doi.org/10.1007/978-1-0716-5603-7_12,auxin*; IAA; phytohormone*; root; roots; root tip*; gravitrop*; shoot*; seed*; morphogen*; organogenesis,Europe PMC
"Growth, development and organs",15.5,Ethylene as a Systems-level Integrator of Plant responses to Drought and Heat stress.,Qiao H.,Journal of experimental botany,2026-09-09,,10.1093/jxb/erag447,https://doi.org/10.1093/jxb/erag447,ROS; signaling; receptor*; ABA; ethylene; hormone*; drought; heat stress; ER; root; root growth; root architecture; stoma*; growth,Europe PMC
"Growth, development and organs",15.0,The Impact of TOR-S6K-eIF5A Signaling on Translational Control is Key to Plant Root Development,"Yoon, J.-T., Lee, D.-H., Choi, S., Ahn, C. S., Muhammad, S., Liu, Y., Pai, H.-S., Kim, E. Y., Lee, H.-S.",bioRxiv,2026-09-18,yes,10.64898/2026.09.16.752225,https://doi.org/10.64898/2026.09.16.752225,kinase*; phosphoryl*; signaling; nutrient*; root; root hair*; primary root*; root growth; root development; leaves; growth; development,Europe PMC
"Growth, development and organs",15.0,Signaling by a tyrosine-sulfated peptide balances growth and osmotic stress response in rice.,"Shim Y, Rim EY, Liao JC, Cho MJ, Austin G, Carlos PW, Kulkarni SS, Payne RJ, Ercoli MF, Ronald PC.",Proceedings of the National Academy of Sciences of the United States of America,2026-10-01,,10.1073/pnas.2622107123,https://doi.org/10.1073/pnas.2622107123,reactive oxygen species; signaling; peptide hormone*; hormone*; osmotic stress; stress respon*; cell wall*; root; roots; lateral root*; root growth; growth,Europe PMC
"Growth, development and organs",14.5,"The transcription factor ESR2/DRNL/BOL differentially regulates de novo organogenesis, regeneration, and lateral root development in Arabidopsis thaliana","Guerrero-Largo, H., Ruiz-Cortes, B., Elizarraraz-Anaya, M. I. C., Martinez-Perez, C. M., Jimenez-Jimenez, H., Dubrovsky, J. G., Marsch-Martinez, N.",bioRxiv,2026-09-11,yes,10.64898/2026.09.08.744716,https://doi.org/10.64898/2026.09.08.744716,cytokinin*; root; roots; lateral root*; root development; meristem*; shoot*; growth; development; organogenesis,Europe PMC
"Growth, development and organs",14.5,Glucose-TOR Signaling Regulates Root Hair Elongation in Arabidopsis via the RHD6-RSL4 Transcriptional Cascade.,"Wang B, Zhang J, Yan W, Dai X, Zhang J, Zhang T, Deng K.","Plants (Basel, Switzerland)",2026-08-25,,10.3390/plants15172586,https://doi.org/10.3390/plants15172586,kinase*; signal transduction; signaling; auxin*; ethylene; nutrient*; root; roots; root hair*; seed*; epiderm*; development; morphogen*,Europe PMC
"Growth, development and organs",14.5,EdU-Based Quantitative Analysis of Cell Proliferation in Arabidopsis Root Meristems.,"Jacob T, Ai H, Quint M.","Methods in molecular biology (Clifton, N.J.)",2027-01-01,,10.1007/978-1-0716-5603-7_13,https://doi.org/10.1007/978-1-0716-5603-7_13,cell wall*; cell division; root; roots; root growth; root tip*; meristem*; growth; development; confocal; microscop*,Europe PMC
"Growth, development and organs",14.5,Panax-derived Zingibroside R1 exerts allelopathic effects on root architecture by modulating the auxin transport pathway and oxidative stress responses.,"Yang X, Ye Y, Lian W, Li X, Yang J, Zhang Y, You L, Zheng L, Zhu Y, Friml J, Benková E, Li C, Huang L, Liu J.",Horticulture research,2026-05-08,,10.1093/hr/uhag185,https://doi.org/10.1093/hr/uhag185,ROS; auxin*; stress respon*; root; primary root*; root growth; root development; root architecture; stem; stem cell*; growth; development,Europe PMC
"Growth, development and organs",13.5,Enhanced drought tolerance in Arabidopsis thaliana is mediated by Pseudomonas sp. M25 linked to root hair growth.,"Berdion Gabarain V, Llamedo I, Cáceres PD, Chaín JM, Della Monica IF, Castagno LN, Pieckenstain FL, Baroli I, Estévez JM.",Plant physiology and biochemistry : PPB,2026-09-07,,10.1016/j.plaphy.2026.111726,https://doi.org/10.1016/j.plaphy.2026.111726,signaling; phytohormone*; drought; nutrient*; root; root hair*; root architecture; leaf; growth; development,Europe PMC
"Growth, development and organs",13.5,Iron Deficiency Reprograms Lateral Root Growth via TAR2‐Dependent Auxin Biosynthesis in Arabidopsis,"Rav BR, Satbhai SB.",Physiologia Plantarum,2026-01-01,,,https://europepmc.org/article/AGR/IND609463107,signaling; auxin*; cell division; root; roots; lateral root*; primary root*; root growth; growth; development; differentiation,Europe PMC
"Growth, development and organs",13.0,Shoot loss reveals the latent capacity of Arabidopsis roots to reconstruct the plant body,"Jeon, W.-T., Lee, S. S. Y., Sung, C., Lee, J.-M., Cheon, A., Kim, B., Lee, Y., Joo, Y., Noh, Y.-S., Lee, Y.",bioRxiv,2026-09-18,yes,10.64898/2026.09.15.751637,https://doi.org/10.64898/2026.09.15.751637,signaling; auxin*; cytokinin*; root; roots; lateral root*; root growth; leaf; shoot*; growth; development; differentiation,Europe PMC
"Growth, development and organs",13.0,"Knockout of mitochondrial dicarboxylate carriers AtDIC1 and AtDIC3 affects germination, biomass accumulation, and carbon partitioning in Arabidopsis thaliana.","de Lara Campos Arcuri M, Barreto P, Marinho AN, Mantoan LPB, Budzinski IGF, Campos FG, Maia IG.",Plant cell reports,2026-09-28,,10.1007/s00299-026-04000-7,https://doi.org/10.1007/s00299-026-04000-7,salinity; osmotic stress; stress respon*; mitochondri*; root; primary root*; root growth; shoot*; seed*; germination; growth; development,Europe PMC
"Growth, development and organs",13.0,"Roles of Genetic Networks, Environmental Responses and Hormonal Regulation in the Maintenance and Differentiation of Tree Stem Cells","Wang S, Li J, Zhong S, Cui K.",Physiologia Plantarum,2026-01-01,,,https://europepmc.org/article/AGR/IND609487780,auxin*; abscisic acid; gibberellin*; cytokinin*; hormone*; salinity; drought; root; stem; cambium; meristem*; stem cell*; shoot*; growth; development; differentiation,Europe PMC
"Growth, development and organs",12.5,Root hair initiation-dependent and -independent nuclear movements during root hair development in Arabidopsis thaliana.,"Takatsuka H, Yasuda C.",Plant signaling & behavior,2026-09-17,,10.1080/15592324.2026.2726829,https://doi.org/10.1080/15592324.2026.2726829,nucleus; nuclear; actin; tip growth; root; root hair*; growth; development,Europe PMC
"Growth, development and organs",12.5,"Design, synthesis, and structure-activity relationships of ω-aryloxy-α-hydroxyalkanoates as selective lateral root inhibitors.","Yamada T, Kikuchi R, Hanaoi R, Wakabayashi R, Ibe K, Okamoto S.",Organic & biomolecular chemistry,2026-09-30,,10.1039/d6ob01176d,https://doi.org/10.1039/d6ob01176d,auxin*; IAA; peroxisom*; root; lateral root*; primary root*; root growth; root architecture; growth,Europe PMC
"Growth, development and organs",12.5,Loss of Function of SPATULA Partially Suppresses Root Growth and Meristem Organization Defects in GCN5 Mutants in Arabidopsis thaliana,"Poulios S, Tersenidis C, Sidiropoulou S, Staikoglou CM, Kaftantzi MA, Vlachonasios KE.",Preprints.org,2026-09-21,yes,10.20944/preprints202609.1753.v1,https://doi.org/10.20944/preprints202609.1753.v1,root; roots; root growth; root development; stem; meristem*; stem cell*; growth; development; differentiation,Europe PMC
"Growth, development and organs",12.5,Comprehensive Profiling of the Rice OsEPF/EPFL Gene Family Under Biotic and Abiotic Stresses Reveals the Involvement of OsEPF2 in Disease Resistance.,"Guo M, Tang Y, Liu T, She Z, Wang D, Meng X, Tian D, Qin Y.","Plants (Basel, Switzerland)",2026-08-30,,10.3390/plants15172657,https://doi.org/10.3390/plants15172657,ABA; MeJA; pathogen*; Xanthomonas; salt stress; drought; stress respon*; stoma*; meristem*; shoot*; epiderm*; development; morphogen*,Europe PMC
"Growth, development and organs",12.5,OsDRP1C mediates root development by modulating OsPIN1 cycling in rice,"Li M, Zhu J, Xu J, Luo Y, Zhao K, Ren M, Liu Y, Shao Y, Wu Z, Mo X, Mao C",New Phytologist,2026-10-07,,10.1111/nph.71625,https://doi.org/10.1111/nph.71625,auxin*; PIN\d+; nutrient*; plasma membrane; trafficking; endocytosis; root; roots; root development; meristem*; epiderm*; development,Crossref
"Growth, development and organs",12.0,Genome-Wide Analysis of Triticum aestivum Root Meristem Growth Factor (RGF) Gene Family Highlights TaRGF5 as a Putative Component of Root-Associated Signaling.,"Khalil HB, Alsahoud HA, Mostafa AD, Alhassan FA, Al-Helal N, Ikeno S.",International journal of molecular sciences,2026-08-25,,10.3390/ijms27177616,https://doi.org/10.3390/ijms27177616,kinase*; receptor kinase*; signaling; receptor*; small peptide*; brassinosteroid*; drought; root; roots; lateral root*; root growth; root development; stem; meristem*; stem cell*; growth; development,Europe PMC
"Growth, development and organs",12.0,Beyond stomata: a novel role of EPFL9-2 in regulating root system architecture and hydraulics in grapevine.,"Shahbaz U, Videau P, Unterholzner SJ, Zanocco A, Piazza S, Sonego P, Ammanniti S, Bianchedi PL, Masuero D, Pindo M, Malnoy M, Fiorani F, Zekri O, Faralli M, Dalla Costa L.",Plant physiology and biochemistry : PPB,2026-09-09,,10.1016/j.plaphy.2026.111732,https://doi.org/10.1016/j.plaphy.2026.111732,salicylic acid; phytohormone*; immun*; drought; root; roots; root tip*; leaf; stems; stoma*; xylem; epiderm*; confocal,Europe PMC
"Growth, development and organs",12.0,The loss of COP1 delays senescence and inhibits root growth through modulation of sucrose allocation and availability.,"Lee SJ, Min WK, Song JT, Seo HS.",Plant physiology,2026-09-21,,10.1093/plphys/kiag704,https://doi.org/10.1093/plphys/kiag704,signaling; ethylene; brassinosteroid*; root; roots; primary root*; root growth; leaf; leaves; shoot*; growth; development,Europe PMC
"Growth, development and organs",11.5,Dark septate endophytes enhance salt tolerance of Tamarix ramosissima via root remodeling and Na⁺ homeostasis: Divergent salt tolerance strategies.,"Li B, Chen L, Wang J, Li M, Gu R, Zhang X, Duo Q, Li T, Zhou Y.",Plant science : an international journal of experimental plant biology,2026-09-15,,10.1016/j.plantsci.2026.113429,https://doi.org/10.1016/j.plantsci.2026.113429,pH; endophyt*; defense; salt stress; salinity; NaCl; root; root architecture; leaf; leaves; seed*; growth,Europe PMC
"Growth, development and organs",11.0,Spatially resolved transcriptomics of poplar reveals tissue organization across shoot-associated organs,"Luo Z, Giabardo A, Wood JC, Kohler A, Dardick C, Tsai C, Buell CR, Schmitz RJ.",bioRxiv,2026-09-30,yes,10.64898/2026.09.29.754462,https://doi.org/10.64898/2026.09.29.754462,auxin*; cell wall*; polarity; leaf; stem; meristem*; shoot*; trichome*; epiderm*; development; differentiation; single-cell; spatial transcriptom*,Europe PMC
"Growth, development and organs",11.0,The GmEIN3.1-GmERF3-GmABCI17 module coordinately regulates soybean root development and cadmium tolerance through the ethylene signaling.,"Liu C, Wang Z, Zhang Z, Qi S, Wang M, Wang X, Jia Y, Li X, Zhao H, Wei Y, Sun H, Zhang H, Chen Q, Dong Z.",Journal of hazardous materials,2026-09-29,,10.1016/j.jhazmat.2026.143781,https://doi.org/10.1016/j.jhazmat.2026.143781,signal transduction; signaling; ethylene; heavy metal*; cadmium; Golgi; root; root growth; root development; growth; development,Europe PMC
"Growth, development and organs",11.0,"A multilayered regulatory framework linking cell wall remodelling, redox homeostasis, and metabolic plasticity during leaf development in Arabidopsis thaliana",Yerlikaya BA.,Annals of applied biology.,2026-07-01,,,https://europepmc.org/article/AGR/IND609488879,signalling; salinity; drought; cell wall*; mitochondri*; roots; leaf; shoot*; flowering; development; CRISPR,Europe PMC
"Growth, development and organs",11.0,Antagonism between salicylic acid and auxin responses directs root development during Tobamovirus infection,"Weiss, D., Shaya, F., Carmeli-Weissberg, M., Mansfeld, B. N., Spiegelman, Z.",bioRxiv,2026-09-18,yes,10.64898/2026.09.17.752527,https://doi.org/10.64898/2026.09.17.752527,signaling; auxin*; salicylic acid; defense; root; roots; root development; growth; development,Europe PMC
"Growth, development and organs",11.0,Concurrent exposure to water deficit and elevated ambient temperature alleviates root growth defects in Arabidopsis.,"Parvin A, Bordaloi K, Seth P, Sebastian J.",Journal of plant physiology,2026-09-19,,10.1016/j.jplph.2026.154877,https://doi.org/10.1016/j.jplph.2026.154877,signaling; auxin*; ethylene; drought; root; root growth; meristem*; hypocotyl*; growth,Europe PMC
"Growth, development and organs",11.0,Harnessing the variability in root architecture and VsNGR gene expression for drought adaptation in common vetch.,"González JM, Sánchez-Gordo N, De la Rosa L, Ramírez-Parra E, Loarce Y.",Plant science : an international journal of experimental plant biology,2026-09-24,,10.1016/j.plantsci.2026.113472,https://doi.org/10.1016/j.plantsci.2026.113472,drought; root; roots; lateral root*; root growth; root architecture; shoot*; seed*; growth,Europe PMC
"Growth, development and organs",11.0,The NAC transcription factor SOMBRERO controls auxin gradients for columella root cap maturation and turnover,"Wang P, Liu Z, Zhou Y, Sun L, He J, Qi L, Kang BH",Proceedings of the National Academy of Sciences,2026-10-07,,10.1073/pnas.2615485123,https://doi.org/10.1073/pnas.2615485123,signaling; auxin*; Golgi; root; root growth; root tip*; stem; meristem*; stem cell*; growth; development,Crossref
"Growth, development and organs",10.5,Cytokinin-supplemented medium drives de novo shoot regeneration in petunia (Petunia hybrida) by bypassing the root-meristem program.,"Zhang X, Yue Y, Cai L, Guo Y.",Frontiers in plant science,2026-08-28,,10.3389/fpls.2026.1918195,https://doi.org/10.3389/fpls.2026.1918195,auxin*; cytokinin*; cell division; root; lateral root*; leaf; meristem*; shoot*,Europe PMC
"Growth, development and organs",10.5,Jasmonate restrains the enhanced growth response of lateral roots induced systemically by a local water deficit,"Li, X., Protto, V., Maurel, C., Nacry, P.",bioRxiv,2026-10-06,yes,10.64898/2026.10.05.756752,https://doi.org/10.64898/2026.10.05.756752,systemic signal*; signaling; jasmon*; JA; root; roots; lateral root*; shoot*; growth,Europe PMC
"Growth, development and organs",10.5,Coordinated whole-plant responses involving tension wood formation in the hypocotyl base and directional reorientation of adventitious roots contributes to plant axis straightening in directionally displaced Avicennia marina (Forssk.) Vierh. seedlings.,"Dharbaranyam B, Sreebal U, Durgaswathi R, Venkataraman G.",Annals of botany,2026-09-19,,10.1093/aob/mcag302,https://doi.org/10.1093/aob/mcag302,salinity; root; roots; root architecture; gravitrop*; xylem; hypocotyl*; seed*; endoderm*; growth; development,Europe PMC
"Growth, development and organs",10.0,Wheat Drought Management: A Broader Prospect.,"Batool A, Li SS, Tu W, Xiao YL, Zhou T, Du H.","Plants (Basel, Switzerland)",2026-08-29,,10.3390/plants15172653,https://doi.org/10.3390/plants15172653,ROS; reactive oxygen species; abscisic acid; ABA; drought; root; roots; leaf; leaves; stoma*; shoot*; trichome*; growth,Europe PMC
"Growth, development and organs",10.0,Genomic insights into root and physiological traits through multi-locus GWAS uncover key loci governing drought tolerance in sorghum,"Kebede F, Bantte K, Mendaye T, Menamo T, Endalamaw C, Legesse T, Salamon H̲āylamāryām.",Euphytica,2026-04-01,,,https://europepmc.org/article/AGR/IND609492509,kinase*; MAPK*; ABA; drought; root; root growth; leaf; stoma*; growth,Europe PMC
"Growth, development and organs",10.0,"The Trihelix Genes in Gardenia jasminoides Evolution, Expression Profiles, and Potential Regulatory Functions in Growth, Development, and Multiple Stress Responses.","Liu J, Cheng T, Kou J, Wang L, Pei L, Yang Y, Lian C, Lan J, Zhang F, Chen S.",Biomolecules,2026-09-08,,10.3390/biom16091298,https://doi.org/10.3390/biom16091298,IAA; ABA; GA3; hormone*; NaCl; stress respon*; leaves; seed*; growth; development; morphogen*,Europe PMC
"Growth, development and organs",10.0,Genome-wide identification of the Glutathione Peroxidase (GPX) gene family in Taxodium distichum and functional characterization of TdGPX9 in enhancing salt tolerance.,"Tang X, Wang D, Cai M, Yu C, Chen T.",Planta,2026-09-13,,10.1007/s00425-026-05145-1,https://doi.org/10.1007/s00425-026-05145-1,reactive oxygen species; signaling; phytohormone*; defense; salt stress; salinity; stress respon*; root; lateral root*; embryo*; growth; organogenesis,Europe PMC
"Growth, development and organs",10.0,Halogenated indoles selectively modulate plant growth and root development.,"Jeong H, Baek KH, Lee JH, Lee J.",Frontiers in plant science,2026-09-15,,10.3389/fpls.2026.1826917,https://doi.org/10.3389/fpls.2026.1826917,signaling; auxin*; root; root growth; root development; seed*; germination; growth; development,Europe PMC
"Growth, development and organs",10.0,"Coordinated Regulation of Iron Homeostasis, Antioxidant Defenses and Hormone Signaling Underlies Pepper Responses to Iron Deficiency and Excess","Xu M, Ma Y, Zhou X, Yang Y, Dang F, Sun Y.",Physiologia Plantarum,2026-01-01,,,https://europepmc.org/article/AGR/IND609487779,reactive oxygen species; pH; signaling; hormone*; defense; vacuol*; root; root growth; root development; leaf; shoot*; seed*; growth; development,Europe PMC
"Growth, development and organs",10.0,Effect of salicylic acid on morphological traits and the expression of key rubber biosynthesis genes in Parthenium argentatum A. Gray.,"Mohammadi F, Naghavi MR, Mahmoudieh M, Zargar M.",PloS one,2026-10-01,,10.1371/journal.pone.0358720,https://doi.org/10.1371/journal.pone.0358720,signaling; salicylic acid; elicitor*; drought; stress respon*; root; leaf; shoot*; seed*; growth; development; morphogen*,Europe PMC
"Growth, development and organs",9.5,Thermospermine signaling in vascular development and stress adaptation: from translational regulation to climate-resilient crops.,"Silva LAS, Soares JR, Sousa ES, Rocha DI, Dogramaci M, Otoni WC.",Plant physiology and biochemistry : PPB,2026-09-28,,10.1016/j.plaphy.2026.111794,https://doi.org/10.1016/j.plaphy.2026.111794,signaling; auxin*; salinity; drought; root; lateral root*; xylem; growth; development; differentiation,Europe PMC
"Growth, development and organs",9.5,Composite Cucurbitaceae Plants as a Tool to Study Physiological and Molecular Mechanisms of Root Development.,"Ilina EL, Kiryushkin AS, Kukushkin VS, Pawlowski K, Demchenko KN.","Methods in molecular biology (Clifton, N.J.)",2027-01-01,,10.1007/978-1-0716-5603-7_1,https://doi.org/10.1007/978-1-0716-5603-7_1,pathogen*; mycorrhiz*; symbio*; root; roots; root development; shoot*; development; CRISPR,Europe PMC
"Growth, development and organs",9.5,Hormonal architects: Plant steroids shape meristems.,"Barragán-Lozano T, Song W, Ma Q, Lozano R, Russinova E.",Current opinion in plant biology,2026-09-10,,10.1016/j.pbi.2026.102961,https://doi.org/10.1016/j.pbi.2026.102961,signalling; brassinosteroid*; cell division; cell expansion; root; stem; meristem*; stem cell*; shoot*; embryo*; development; differentiation,Europe PMC
"Growth, development and organs",9.5,Funneliformis mosseae Modulates Root 14-3-3 Gene Expression to Enhance Drought Tolerance in Trifoliate Orange: A Molecular-Physiological Integration.,"Zheng FL, Yan KX, Liu Z, Zou YN, Wu QS, Yi QP, Alqahtani MD.",Physiologia plantarum,2026-09-01,,10.1111/ppl.71110,https://doi.org/10.1111/ppl.71110,signal transduction; signaling; abscisic acid; phytohormone*; mycorrhiz*; defense; drought; root; roots; root growth; growth,Europe PMC
"Growth, development and organs",9.0,A Microscopy Toolkit for Root Studies in B. distachyon.,"De Jesus Vieira Teixeira C, Bellande K, Vermeer JEM.","Methods in molecular biology (Clifton, N.J.)",2027-01-01,,10.1007/978-1-0716-5603-7_5,https://doi.org/10.1007/978-1-0716-5603-7_5,nutrient*; root; lateral root*; meristem*; seed*; growth; development; organogenesis; microscop*,Europe PMC
"Growth, development and organs",9.0,Root-to-shoot ABA transport by NPF2.4 and NPF2.5 links stomatal regulation to photosynthetic performance,"Yamori, W., Qu, Y., Rossille, A., Dubos, C., Kanno, Y., Takebayashi, Y., Hirari, M. Y., Watanabe, S., Seo, M.",bioRxiv,2026-10-07,yes,10.64898/2026.10.07.757215,https://doi.org/10.64898/2026.10.07.757215,abscisic acid; ABA; hormone*; drought; root; roots; stoma*; xylem; shoot*; seed*; epiderm*,Europe PMC
"Growth, development and organs",9.0,Loss of AtPLC1 Impairs Salt-Alkali Tolerance via Disruption of Stomatal Regulation and Redox Homeostasis in Arabidopsis thaliana.,"Li X, Wang Y, Si L, Sun D, Wang N, Liu W, Dong Y, Li X, Wang F.","Plants (Basel, Switzerland)",2026-08-28,,10.3390/plants15172633,https://doi.org/10.3390/plants15172633,H2O2; signaling; stress respon*; root; roots; root growth; leaf; leaves; stoma*; seed*; growth,Europe PMC
"Growth, development and organs",9.0,Root-TransUNet enables high-throughput phenotyping of Arabidopsis thaliana roots as a parameter in Heterodera schachtii parasitism.,"Zhou J, Moura de Souza VH, Ju L, Eves-van den Akker S, Zhou J, Kranse OP.",Frontiers in plant science,2026-09-04,,10.3389/fpls.2026.1939674,https://doi.org/10.3389/fpls.2026.1939674,root; roots; lateral root*; root growth; growth; image analysis; segmentation,Europe PMC
"Growth, development and organs",9.0,Assessment of Drought Stress Resilience Through Serendipita indica Endophytism in Tobacco,"Ma Z, Li H, Abdelrady WA, Askri SMH, Ibrahim Z, Naeem M, Aboulila AA, Guo Y, Chen S, Shamsi IH.",Physiologia Plantarum,2026-01-01,,,https://europepmc.org/article/AGR/IND609463058,endophyt*; defense; drought; root; roots; leaf; leaves; stoma*; seed*; microscop*,Europe PMC
"Growth, development and organs",9.0,Arbuscular Mycorrhizal Fungi and Molybdenum Act on Different Components of the Cowpea Plant-Soil System Under Salinity.,"Tunç M, Uğurlar F, Rufaioğlu SB, İpekeşen S, Yorulmaz L, Okur M, İpekeşen D, Biçer BT.","Plants (Basel, Switzerland)",2026-09-14,,10.3390/plants15182816,https://doi.org/10.3390/plants15182816,mycorrhiz*; symbio*; salinity; root; root development; stoma*; growth; development,Europe PMC
"Growth, development and organs",9.0,Coordination of drought-adaptive root growth plasticity through auxin homeostasis by the ZmSPL12-ZmYUC5 module in maize.,"Xu H, Ma L, Zhang Q, Zheng Z, Li J, Yang S, Zhao Y, Jin L, Zhao B, Bai Z, Cao J, Tao Y, Zou J, Wang B, Cheng S, Chu J, Liu J, Wang H, Xu M.",The New phytologist,2026-09-22,,10.1111/nph.71592,https://doi.org/10.1111/nph.71592,signaling; auxin*; hormone*; drought; root; roots; root growth; root tip*; meristem*; growth,Europe PMC
"Growth, development and organs",9.0,Systemic proteome remodeling in soybean during early nodulation: distinct responses in roots and leaves.,"Katsaouni A, Guillierme E, Van der Verren SE, Gevaert K, Goormachtig S, Struk S.",Frontiers in plant science,2026-09-16,,10.3389/fpls.2026.1952260,https://doi.org/10.3389/fpls.2026.1952260,calcium; signaling; auxin*; jasmon*; immun*; nutrient*; root; roots; leaves; shoot*,Europe PMC
"Growth, development and organs",9.0,Mutation of AINTEGUMENTA alleviates root growth inhibition induced by high magnesium stress.,"Chu YL, Liu HZ, Wang B, Lan WZ.",Biochemical and biophysical research communications,2026-09-30,,10.1016/j.bbrc.2026.154674,https://doi.org/10.1016/j.bbrc.2026.154674,nutrient*; stress respon*; root; roots; root growth; meristem*; growth,Europe PMC
"Growth, development and organs",9.0,SgPHR1-SgPAE1 module modulates root growth and increases low phosphorus tolerance in Stylosanthes guianensis.,"Li J, Liu L, Zhou H, Miao Y, Wang L, Liu P, Dong R, Liu G, Mo X, Chen Z.",Plant physiology,2026-09-11,,10.1093/plphys/kiag676,https://doi.org/10.1093/plphys/kiag676,signaling; phosphate starvation; cell wall*; nucleus; root; roots; root growth; growth,Europe PMC
"Growth, development and organs",9.0,Multi-omics reveals growth regulatory mechanisms induced by exogenous TgSWO expansin-like protein in strawberry.,"Meng X, Wang Y, Dong H, Sun P, Ding Y, Wang Q, Zhang Q, Yan Z.",Frontiers in plant science,2026-08-28,,10.3389/fpls.2026.1924133,https://doi.org/10.3389/fpls.2026.1924133,nutrient*; cell wall*; root; root growth; root development; root tip*; growth; development; microscop*,Europe PMC
"Growth, development and organs",9.0,Transcriptomic Characterization of Adventitious Root Formation in Cunninghamia lanceolata (Lamb.) Hook. During Cutting Propagation.,"Wei Y, Wang Z, Lin Z, Zhu L, Hao Z, Su S, Luo S, Jiang X, Ye L, Zhang Y, Yu L, Chen J, Zheng R.",Genes,2026-08-26,,10.3390/genes17091008,https://doi.org/10.3390/genes17091008,signal transduction; auxin*; IAA; phytohormone*; root; root growth; root development; growth; development,Europe PMC
"Growth, development and organs",9.0,ZmDLR9 is required for lateral root development via pre‐ rRNA processing in maize,"Li D, Li Y, Xing A, Zhang S, Zhu Y, Wei F, Zeng H, Zheng T, Hu Z, Wang C",The Plant Journal,2026-10,,10.1111/tpj.71156,https://doi.org/10.1111/tpj.71156,root; lateral root*; root development; growth; development,Crossref
"Growth, development and organs",9.0,Author Correction: A receptor–kinase cascade confers cold-induced root growth inhibition in Arabidopsis,"Zhang X, Li M, Zhang X, Zeng R, Peng Y, Shi Y, Wang X, Zhou W, Gong Z, Yang S",Nature Plants,2026-10-06,,10.1038/s41477-026-02449-8,https://doi.org/10.1038/s41477-026-02449-8,kinase*; receptor*; root; root growth; growth,Crossref
"Growth, development and organs",8.5,Auxin-producing Sphingobium promotes maize growth heterosis under phosphorus deficiency,"Yu P, Zou W, Zhang W, He X, Huang X, Liu S, Wang D, Gu L, Schaaf G, Ugalde J, Hochholdinger F, Lang M, Neundorf F, Chen X.",Research Square,2026-09-08,yes,10.21203/rs.3.rs-10774468/v1,https://doi.org/10.21203/rs.3.rs-10774468/v1,auxin*; microbiome*; nutrient*; root; lateral root*; root development; growth; development,Europe PMC
"Growth, development and organs",8.5,Delayed seed germination and inhibited shoot emergence in glutinous corn (Zea mays L.) due to induced drought stress,"Bucao JR, Rosales RJ, Pascua GF.",Research Square,2026-10-06,yes,10.21203/rs.3.rs-11240114/v1,https://doi.org/10.21203/rs.3.rs-11240114/v1,drought; nitrate; root; roots; root growth; shoot*; seed*; germination; growth,Europe PMC
"Growth, development and organs",8.5,The Yield-Associated TaCOL-B5 Locus Activates Its Tightly Linked Target TaDRS1 to Restrict Root Apical Meristem Proliferation and Deep Rooting in Wheat.,"Li Y, Chen J, Li X, Shao T, Li Y, Kong D, Li T, Hao C, Qiao L, Kuang J, Zhu L, Zhang X.","Plant, cell & environment",2026-09-29,,10.1111/pce.70874,https://doi.org/10.1111/pce.70874,immun*; drought; nucleus; cell elongation; root; roots; root growth; leaf; meristem*; growth; confocal; CRISPR,Europe PMC
"Growth, development and organs",8.5,Molecular regulation of vegetative to reproductive transition in dioecious spinach,"Khalid E, Zheng Y, Mao H, Cai L, Ming R.",Research Square,2026-10-01,yes,10.21203/rs.3.rs-10959725/v1,https://doi.org/10.21203/rs.3.rs-10959725/v1,signaling; ABA; ethylene; jasmon*; hormone*; root; leaf; meristem*; shoot*; flowering; development; morphogen*,Europe PMC
"Growth, development and organs",8.5,Altered Metabolite Profiling and Gene Expression During Adventitious Root Regeneration From Tea Stem Cuttings: Potential Roles in Growth and Defense,"Yu S, Liu J, Zhou J, Liu H, Peng A, Li S, Song L, Zhao J.",Physiologia Plantarum,2026-01-01,,,https://europepmc.org/article/AGR/IND609463064,signaling; hormone*; defense; nutrient*; tip growth; root; roots; stem; growth; development,Europe PMC
"Growth, development and organs",8.5,Identification and functional analysis of MeJA-responsive bHLH family genes in Taraxacum kok-saghyz.,"Luo F, Zhang C, Sun J, Guo Z, Geng Y, Chen X, Yan J.",Journal of plant research,2026-09-08,,10.1007/s10265-026-01751-y,https://doi.org/10.1007/s10265-026-01751-y,signal transduction; signaling; jasmon*; JA; MeJA; nuclear; root; roots; root development; development; morphogen*; organogenesis,Europe PMC
"Growth, development and organs",8.0,Evaluating Causal Claims in Plant Developmental Metabolism: A When-Where-How Framework.,"Cheng X, Zhao Y, Liu L, Li Y, Zhao R, Yang Z, Hao X, Yang Z, Yu C, Fan C, Li Z.","Plants (Basel, Switzerland)",2026-08-26,,10.3390/plants15172604,https://doi.org/10.3390/plants15172604,apoplast*; pH; kinase*; nutrient*; root; lateral root*; root development; hypocotyl*; development,Europe PMC
"Growth, development and organs",8.0,CsNIP2 and CsNIP16 facilitated Al-F transport and hyperaccumulation in tea plants (Camellia sinensis).,"Zhou J, Yang M, Long T, Tan M, Sun H, Hu W, Manan S, Tan W, Li P, Zuo H, Liu Z, Zhao J.",Plant physiology and biochemistry : PPB,2026-09-21,,10.1016/j.plaphy.2026.111746,https://doi.org/10.1016/j.plaphy.2026.111746,apoplast*; cell wall*; plasma membrane; root; roots; leaf; leaves; stems; xylem; phloem; shoot*; epiderm*,Europe PMC
"Growth, development and organs",8.0,GhSQS1-mediated squalene accumulation coordinates cotton development and stress resilience.,"Xu Y, Zhang Z, Liu L, Jia S, Wei J, Lu L, Ma S, Xing Y, Wang Y, Zhan J, Li F, Yang Z.",Journal of experimental botany,2026-09-10,,10.1093/jxb/erag424,https://doi.org/10.1093/jxb/erag424,signaling; brassinosteroid*; drought; root; root development; root architecture; leaf; leaves; development,Europe PMC
"Growth, development and organs",8.0,"Red light regulation on growth, root-leaf architecture and photosynthetic performance of rice seedlings.","Ren M, Mao G, Wang Z, Ding J, Liu J, Zhao L, Wang X, Du B, Zhao L, Zheng H, Song C, Ding Q, Ma Y.",Frontiers in plant science,2026-09-09,,10.3389/fpls.2026.1919485,https://doi.org/10.3389/fpls.2026.1919485,root; roots; root development; leaf; leaves; stem; shoot*; seed*; growth; development,Europe PMC
"Growth, development and organs",8.0,Morphological and biochemical evaluation of tolerance to water deficit identifies SlCLE9 as a novel regulator of drought stress,"Ekinci, M., Cirik, S., Le, H., Anilal, A., Oxendine, J., Wang, R., Grant, S. C., Upadhyay, R. K., Seller, C. A., Rodriguez-Leal, D.",bioRxiv,2026-09-23,yes,10.64898/2026.09.22.753559,https://doi.org/10.64898/2026.09.22.753559,drought; root; roots; root growth; root architecture; leaves; stem; meristem*; stem cell*; flowering; growth,Europe PMC
"Growth, development and organs",7.5,Stomatal Sensitivity of Grapevine Varieties Relates to Changes to Berry Growth and ABA During Water Deficit.,"Wilson N, Campigotto L, Gambetta GA, Castellarin SD.","Plant, cell & environment",2026-10-04,,10.1111/pce.70924,https://doi.org/10.1111/pce.70924,abscisic acid; ABA; drought; leaf; stoma*; growth,Europe PMC
"Growth, development and organs",7.5,MicroRNA172 regulates growth under low nitrogen conditions in Arabidopsis thaliana.,"Gandhi N, Singh K, Sarkar AK, Singh AP.",Planta,2026-09-27,,10.1007/s00425-026-05175-9,https://doi.org/10.1007/s00425-026-05175-9,nitrate; nutrient*; stress respon*; cell elongation; root; root tip*; meristem*; growth,Europe PMC
"Growth, development and organs",7.5,Functional divergence of two soybean cytosolic serine hydroxymethyltransferases in development and defense against soybean cyst nematode.,"Gamage VA, Owuocha LF, Lin F, Li Z, Beamer LJ, Mitchum MG.",Frontiers in plant science,2026-08-31,,10.3389/fpls.2026.1942553,https://doi.org/10.3389/fpls.2026.1942553,defense; nucleus; chloroplast*; mitochondri*; root; lateral root*; root growth; growth; development; CRISPR,Europe PMC
"Growth, development and organs",7.5,Different Dynamics: Meta-Topolin Induces Faster and More Pronounced Upregulation of Selected Shoot Development-Related Genes in Arabidopsis thaliana Compared to Trans-Zeatin and Thidiazuron.,"Pokimica N, Ćosić T, Ninković S, Cingel A, Motyka V, Vujičić M, Raspor M.",Biology,2026-09-02,,10.3390/biology15171499,https://doi.org/10.3390/biology15171499,cytokinin*; phytohormone*; nutrient*; shoot*; seed*; growth; development; morphogen*,Europe PMC
"Growth, development and organs",7.5,A beneficial bacterium influences myo -inositol homeostasis to protect plants during drought,"Tran T, Santiago-Morales KD, O’Banion B, Kelley BR, Lebeis S.",bioRxiv,2026-09-07,yes,10.64898/2026.09.03.748652,https://doi.org/10.64898/2026.09.03.748652,microbiome*; drought; tonoplast; root; roots; leaf; shoot*; development,Europe PMC
"Growth, development and organs",7.5,HOMEODOMAIN-LIKE shapes chromatin architecture and rewires leaf epidermal patterns.,"Ali A, Kuan C, Chen TC, Hung FY, Lin PY, Lee DH, Lin GJ, Lee HC, Yang SL, Feng YR, Wang CR, Chen PY, Wu K, Ho CK.",Nature communications,2026-08-22,,10.1038/s41467-026-76911-8,https://doi.org/10.1038/s41467-026-76911-8,immun*; cell division; leaf; stoma*; trichome*; epiderm*; development; differentiation,Europe PMC
"Growth, development and organs",7.5,Beyond light signaling: the broad regulatory spectrum of AFPs in plant growth and development.,"Wang Q, Yuan J, Zhang Y, Yang B, Lin F.",Frontiers in plant science,2026-09-15,,10.3389/fpls.2026.1930423,https://doi.org/10.3389/fpls.2026.1930423,signaling; abscisic acid; ABA; phytohormone*; flowering; seed*; germination; growth; development,Europe PMC
"Growth, development and organs",7.5,Genomic Identification and Expression Profiling of CoFAD3 Genes during Seed Development in Camellia oleifera,"Wang S, Jing F, Liao C, Zhang L.",Research Square,2026-09-21,yes,10.21203/rs.3.rs-10708310/v1,https://doi.org/10.21203/rs.3.rs-10708310/v1,ABA; phytohormone*; cold stress; stress respon*; endoplasmic reticulum; seed*; growth; development,Europe PMC
"Growth, development and organs",7.5,"Conversion of vegetable residues and wheat straw by black soldier fly larvae: growth, chemical composition, and gut microbiota.","Wang X, Yang Y, Liu Z, Ma R, Ji R, Li H, Chen P, Qu J.",Bulletin of entomological research,2026-09-28,,10.1017/s0007485326101382,https://doi.org/10.1017/s0007485326101382,microbiota; root; root development; seed*; germination; growth; development; microscop*,Europe PMC
"Growth, development and organs",7.5,Stem Shading Promotes Mannitol Accumulation in the Bark of Fraxinus ornus and Prevents Sucrose Transport in Roots Under Drought,"Gargiulo S, Natale S, Pichierri A, Tomasella M, Petruzzellis F, Nardini A, Casolo V.",Physiologia Plantarum,2026-01-01,,,https://europepmc.org/article/AGR/IND609463081,drought; root; roots; stem; stems; bark; xylem,Europe PMC
"Growth, development and organs",7.5,Three-dimensional organ segmentation and structural phenotyping of salt-stressed coriander seedlings using the optimized point transformer-based model PTV-SegCo.,"Wang S, Xu Y, Cheng E, Cheng J, Liu S, Xia Y, Zhang Z, Fu X.",Frontiers in plant science,2026-08-31,,10.3389/fpls.2026.1883203,https://doi.org/10.3389/fpls.2026.1883203,salt stress; NaCl; leaf; stem; stems; seed*; development; segmentation,Europe PMC
"Growth, development and organs",7.5,Iron Excess Stress Promotes Adventitious Root Formation at the Root–Hypocotyl Junction in Arabidopsis,"Kanwar P, Möllmann B, Altmeisch S, Bauer P.","Plant, Cell & Environment",2026-09-08,,10.1111/pce.70860,https://doi.org/10.1111/pce.70860,auxin*; root; primary root*; root growth; hypocotyl*; growth,Crossref
"Growth, development and organs",7.0,Scale matters: the arbuscular mycorrhiza - root hair trade-off from individual plants to communities,"Matthus, E., Hennecke, J., Barfuss, K. M., Henning, T., Mommer, L., Bergmann, J.",bioRxiv,2026-10-06,yes,10.64898/2026.10.05.756675,https://doi.org/10.64898/2026.10.05.756675,mycorrhiz*; root; roots; root hair*; growth,Europe PMC
"Growth, development and organs",7.0,Timing Matters: Post-Stress Biostimulant Application Promotes Growth Recovery and Physiological Rebalancing in Drought-Stressed Durum Wheat (Triticum durum Desf.).,"Spada M, Maghrebi M, Quagliata G, Coppa E, Ruggeri R, Rossini F, Vigani G, Astolfi S.",Physiologia plantarum,2026-09-01,,10.1111/ppl.71104,https://doi.org/10.1111/ppl.71104,drought; nutrient*; stress respon*; root; leaf; stoma*; shoot*; seed*; growth,Europe PMC
"Growth, development and organs",7.0,The bacterial pathogen causing cucurbit yellow vine disease associates with the specialized extrafascicular phloem unique to cucurbits,"Mphande, K., LaSarre, B., Gleason, M. L., Beattie, G. A.",bioRxiv,2026-09-28,yes,10.64898/2026.09.24.754277,https://doi.org/10.64898/2026.09.24.754277,pathogen*; tropism*; stem; phloem; growth; confocal; microscop*,Europe PMC
"Growth, development and organs",7.0,"Protein-independent regulation by transgene-derived small interfering RNAs rewires endogenous regulatory networks to enhance plant growth, architecture, and drought performance","Vannay, G. J., Garcia, J. E., Murguia, J. P., Bruno, M. L., Caraballo, L. N., Welchen, E., Cambiagno, D. A., Chan, R. L., Capella, M.",bioRxiv,2026-09-11,yes,10.64898/2026.09.08.750206,https://doi.org/10.64898/2026.09.08.750206,salicylic acid; immun*; drought; root; root growth; stem; seed*; growth; development,Europe PMC
"Growth, development and organs",7.0,"Rhizosphere Microbiome-Mediated Drought Resilience in Cereals: Implications for Grain Nutrition, Yield, and Tolerance.","Saeed M, Huang X, Mustafa G, Li M, Yang P.","Plant, cell & environment",2026-09-28,,10.1111/pce.70901,https://doi.org/10.1111/pce.70901,ABA; mycorrhiz*; microbiome*; drought; nutrient*; root; root architecture; stoma*; growth,Europe PMC
"Growth, development and organs",7.0,Integrative analysis of the CLE gene family identifies GhTDIF and GhCLE14 as key regulators of cotton fiber secondary cell wall thickening.,"Gao Y, Cai J, Sun X, Li Y, Xu W.",Acta biochimica et biophysica Sinica,2026-09-18,,10.3724/abbs.2026143,https://doi.org/10.3724/abbs.2026143,signaling; small peptide*; cell wall*; leaf; xylem; embryo*; growth; development; differentiation,Europe PMC
"Growth, development and organs",7.0,Root convex hull area reflects coordinated root–shoot adaptation to salt stress in spring wheat,"Guo C, Li X, Bai C, Gao X, Wang S, Zhou B, Bai J, Fan H, He W, Sun Y, Jing B, Zhao C, Bao X.",Research Square,2026-09-10,yes,10.21203/rs.3.rs-10715746/v1,https://doi.org/10.21203/rs.3.rs-10715746/v1,salt stress; NaCl; root; root architecture; leaf; stoma*; shoot*; seed*; growth,Europe PMC
"Growth, development and organs",7.0,Stress-resilient endophytic bacteria from mung bean (Vigna radiata L.) with biocontrol and plant growth-promoting potential.,"Abatenh E, Kebede M, Abda EM.",International microbiology : the official journal of the Spanish Society for Microbiology,2026-09-24,,10.1007/s10123-026-00897-y,https://doi.org/10.1007/s10123-026-00897-y,pH; endophyt*; drought; root; roots; shoot*; seed*; growth; development,Europe PMC
"Growth, development and organs",7.0,Plant evolution: Building nodules from borrowed parts.,Péret B.,Current biology : CB,2026-09-01,,10.1016/j.cub.2026.07.079,https://doi.org/10.1016/j.cub.2026.07.079,auxin*; rhizobi*; symbio*; root; lateral root*; root development; development,Europe PMC
"Growth, development and organs",7.0,Optimization of fermentation conditions for Metarhizium robertsii and its effect on rice growth.,"She X, Wang D, Zhu M, Fu J, Han D, Bai J.",Microbiology spectrum,2026-09-24,,10.1128/spectrum.01009-26,https://doi.org/10.1128/spectrum.01009-26,pH; pathogen*; endophyt*; root; roots; root hair*; growth; development,Europe PMC
"Growth, development and organs",7.0,"Growth, Root, Photosynthetic, and Soil Responses of Poplar Seedlings to an Equal-Mass PVC-PE-PS Microplastic Mixture.","Dong J, Li J, Li J, Zhang Z, Xu N, Zhong H, Zhou L.",Biology,2026-09-04,,10.3390/biology15171534,https://doi.org/10.3390/biology15171534,H2O2; nutrient*; root; root development; root tip*; root architecture; seed*; growth; development,Europe PMC
"Growth, development and organs",7.0,The stressful mechanical environment of cambial growth: balance between turgor pressure and tissue stress applied by bark in lime tree,"Boursat T, Alméras T, Barès J, Molaro-Maqua L, Kozlova L, Boursiac Y, Clair B.",Trees,2026-08-01,,,https://europepmc.org/article/AGR/IND609516966,cell wall*; cell expansion; bark; cambium; xylem; phloem; growth,Europe PMC
"Growth, development and organs",7.0,BpLAZY1A Mediates Transcriptional Polarity and Drives Adaxial Tension Wood–Like Tissue Formation in Silver Birch ( Betula pendula ) Branches,"Muranen, S., Carrio-Segui, A., Marmara, E., Pencik, A., Immanen, J., Duru, I. C., Viljanen, M., Suhonen, H., Svedstrom, K., Shi, X., Ilievska, M., Rastas, P., Su, C., Koivula, H. M., Alonso-Serra, J., Novak, O., Roszak, P., Nieminen, K., Helariutta, Y.",bioRxiv,2026-09-14,yes,10.64898/2026.09.12.750306,https://doi.org/10.64898/2026.09.12.750306,signalling; auxin*; polarity; gravitrop*; stem; xylem; phloem; growth; development; time-lapse,Europe PMC
"Growth, development and organs",7.0,Integration of Multidimensional Challenges by Roots in the Life of a Plant.,"Dietz KJ, Sharma SS, Solti A, Thomine S.",Physiologia plantarum,2026-09-01,,10.1111/ppl.71131,https://doi.org/10.1111/ppl.71131,nutrient*; heavy metal*; root; roots; root hair*; root growth; meristem*; growth,Europe PMC
"Growth, development and organs",7.0,Temporal TOC1-CLV3-WUS cascade controls organogenesis and rhythmic stem development,"Qi, J., Xu, J., Yang, Y., Zheng, Y., Jin, M., Guo, L., Xu, X., Xie, Q., Zhang, H., Liu, X.",bioRxiv,2026-09-24,yes,10.64898/2026.09.24.753998,https://doi.org/10.64898/2026.09.24.753998,phytohormone*; cell wall*; stem; meristem*; shoot*; growth; development; morphogen*; organogenesis,Europe PMC
"Growth, development and organs",7.0,Lipidomics reveals divergent root and shoot responses to combined nitrogen deficiency and heat stress.,"Jia L, Huang L, Chen G, Yi Q, Zhang M.",Frontiers in plant science,2026-09-11,,10.3389/fpls.2026.1910848,https://doi.org/10.3389/fpls.2026.1910848,gibberellin*; jasmon*; heat stress; root; roots; leaves; shoot*,Europe PMC
"Growth, development and organs",7.0,Exogenous Dopamine and MdTyDC Overexpression Enhance Copper Stress Resistance in Apple.,"Tang Z, Li X, Ma X, Xie B, Yang S, Qin L, Ma F, Li C, Zhang Z.",Physiologia plantarum,2026-09-01,,10.1111/ppl.71122,https://doi.org/10.1111/ppl.71122,reactive oxygen species; hormone*; heavy metal*; root; roots; root development; leaves; seed*; growth; development,Europe PMC
"Growth, development and organs",7.0,"Extreme warming and drought impair survival, physiological activity and adaptive root growth in Pinus densiflora seedlings","Kim J, Jo H, Noulèkoun F, Kwon M, Kim H, Son Y.",Research Square,2026-09-29,yes,10.21203/rs.3.rs-10882586/v1,https://doi.org/10.21203/rs.3.rs-10882586/v1,drought; root; root growth; stoma*; seed*; growth,Europe PMC
"Growth, development and organs",7.0,Inferring cell division from cell shape.,"Wang Z, Zhao Y, Nakayama H, Horiguchi G, Inoue Y, Mochizuki A, Tsukaya H.",The Plant cell,2026-09-15,,10.1093/plcell/koag279,https://doi.org/10.1093/plcell/koag279,cell division; leaf; meristem*; shoot*; growth; live imaging,Europe PMC
"Growth, development and organs",7.0,Protocols for Root Developmental Studies in White Lupin.,"Gasser M, Brottier L, Marquès L, Péret B.","Methods in molecular biology (Clifton, N.J.)",2027-01-01,,10.1007/978-1-0716-5603-7_3,https://doi.org/10.1007/978-1-0716-5603-7_3,phosphatase*; symbio*; nutrient*; root; roots; root development; seed*; germination; development,Europe PMC
"Growth, development and organs",7.0,Imaging of Ceratopteris richardii Root Anatomy.,"Espinal-Centeno A, Aragón-Raygoza A, Méndez-Alvarez D, Cruz-Ramírez A.","Methods in molecular biology (Clifton, N.J.)",2027-01-01,,10.1007/978-1-0716-5603-7_4,https://doi.org/10.1007/978-1-0716-5603-7_4,nutrient*; root; root development; epiderm*; endoderm*; development; confocal; microscop*,Europe PMC
"Growth, development and organs",7.0,Early development of stem units and the modular organization of the branch in Norway spruce,"Wenzel C, Mo A, Chan B, Xia A, Westgate C, Saunders R, Ly H, Holloway D.",Trees,2026-06-01,,,https://europepmc.org/article/AGR/IND609499839,leaf; leaves; stem; stems; cambium; meristem*; shoot*; growth; development; differentiation,Europe PMC
"Growth, development and organs",7.0,Dose-Dependent Glutathione Modulation of Physiological Responses and Metal Accumulation in Salix variegata Under Cadmium Stress.,"Yao R, Li J, Zuo Y, Long N, Deng H.","Plants (Basel, Switzerland)",2026-09-12,,10.3390/plants15182801,https://doi.org/10.3390/plants15182801,H2O2; cadmium; root; roots; leaf; leaves; shoot*; seed*; growth,Europe PMC
"Growth, development and organs",6.5,"PtoeIF5A1: A Pleiotropic Regulator of Development, PCD, and Salt Tolerance in Populus tomentosa.","Zhu D, Guan Y, Feng F, Zhang L, Yu W, Ding L, Zheng L, Lan Q, Wei J, Chen Y, Zhang J.","Plants (Basel, Switzerland)",2026-09-02,,10.3390/plants15172702,https://doi.org/10.3390/plants15172702,phosphoryl*; NaCl; stress respon*; roots; leaves; stem; xylem; flowering; development,Europe PMC
"Growth, development and organs",6.5,Tomato DOR encodes a signal peptide peptidase-like protein required for adventitious organogenesis and rooting.,"Jáquez-Gutiérrez M, Bretones S, Martin-Vásquez C, Fonseca R, Aguiar A, Pineda B, Lozano R, Moreno V, Yuste-Lisbona FJ, Atarés A.",Plant cell reports,2026-09-18,,10.1007/s00299-026-03979-3,https://doi.org/10.1007/s00299-026-03979-3,root; roots; root development; embryo*; development; organogenesis; CRISPR,Europe PMC
"Growth, development and organs",6.5,"Dovetailing the Genetic, Developmental and Functional Bases of the Adaptation of Stomatal Traits to Climate.","Medeiros CD, Buckley TN, Sartori K, Violle C, Vile D, Vasseur F, Fletcher LR, Pellegrini M, Baron E, Kazakou E, Sack L.",Ecology letters,2026-09-01,,10.1111/ele.70453,https://doi.org/10.1111/ele.70453,leaf; leaves; stoma*; guard cell*; flowering; epiderm*; growth; development,Europe PMC
"Growth, development and organs",6.5,Lotus japonicus CLV1-Like Receptor HAR1 Promotes Nitrogen Utilisation and Growth Under Non-Symbiotic Conditions.,"Okuma N, Sugiura D, Terashima I, Kawaguchi M.","Plant, cell & environment",2026-09-30,,10.1111/pce.70923,https://doi.org/10.1111/pce.70923,receptor*; symbio*; nitrate; root; leaf; leaves; shoot*; growth,Europe PMC
"Growth, development and organs",6.5,Molecular mechanisms underlying the maintenance of terminal differentiation in Arabidopsis guard cells.,"Chen Y, Li R.",Frontiers in plant science,2026-09-15,,10.3389/fpls.2026.1952204,https://doi.org/10.3389/fpls.2026.1952204,stem; stoma*; guard cell*; stem cell*; differentiation,Europe PMC
"Growth, development and organs",6.5,Fine mapping of QTL and identification of candidate genes responsible for tuberous stem formation in Kohlrabi (Brassica oleracea var. gongylodes L.).,"Nuruzzaman M, Sato M, Shimizu M, Shea DJ, Kitashiba H, Fukai E, Okazaki K.",Molecular breeding : new strategies in plant improvement,2026-10-01,,10.1007/s11032-026-01717-x,https://doi.org/10.1007/s11032-026-01717-x,CIPK*; auxin*; phytohormone*; root; root development; stem; stems; hypocotyl*; development,Europe PMC
"Growth, development and organs",6.5,Greenhouse and field evaluation of bacterial endophytes from Cannabis sativa and Chelidonium majus reveals beneficial stage-dependent growth and yield responses in common bean.,"Kaddoura MJ, Amaya-Quiroz L, Samsatly J, Meglouli H, George S.",Frontiers in plant science,2026-08-27,,10.3389/fpls.2026.1922467,https://doi.org/10.3389/fpls.2026.1922467,signaling; auxin*; cytokinin*; hormone*; endophyt*; nutrient*; root; stoma*; seed*; germination; growth; development,Europe PMC
"Growth, development and organs",6.5,Cross-scale Imaging of Live Botanical Specimens using Fourier Ptychographic Microscopy,"Copeland, L., Walker, L. D., Baxter, K. J., Shaw, M. J., McConnell, G.",bioRxiv,2026-09-18,yes,10.64898/2026.09.16.752051,https://doi.org/10.64898/2026.09.16.752051,chloroplast*; root; leaf; stoma*; guard cell*; microscop*,Europe PMC
"Growth, development and organs",6.5,Transcriptomic and Metabolomic Analyses Reveal the Phenylpropanoid Metabolism Regulatory Network in Arabidopsis Response to Colletotrichum higginsianum Infection.,"Ye H, Gao Q, Zou Y, Liao C, Lai BE, Li Y, Din M, Liu C, Gu X, Jiang J, You Z, Wang Y.","Life (Basel, Switzerland)",2026-09-09,,10.3390/life16091505,https://doi.org/10.3390/life16091505,salicylic acid; hormone*; pathogen*; defense; root; primary root*; shoot*,Europe PMC
"Growth, development and organs",6.5,"Micronutrient deficiencies and nickel toxicity differentially alter growth, physiology, and leaf ultrastructure in Passiflora edulis seedlings","Toledo RL, Melo WJ, Prado RM, Viciedo DO, Hurtado AC.",Research Square,2026-09-07,yes,10.21203/rs.3.rs-10439558/v1,https://doi.org/10.21203/rs.3.rs-10439558/v1,nutrient*; chloroplast*; root; leaf; shoot*; seed*; growth; microscop*,Europe PMC
"Growth, development and organs",6.5,Bioaccumulation and detoxification mechanisms for lead uptake identified in Cosmos sulphureus Cav. seedlings.,"Yu X, Wang X, Wang X, Xu F, Xiao X, Yang L, Ning X, Kang Q, Lei T, Li X.",International journal of biological macromolecules,2026-09-18,,10.1016/j.ijbiomac.2026.154528,https://doi.org/10.1016/j.ijbiomac.2026.154528,ROS; defense; cell wall*; root; roots; leaf; seed*; growth,Europe PMC
"Growth, development and organs",6.5,Leaf and root microbiome signatures of gray mangrove trees in the Red Sea,"Jimenez, D. J., Jamil, T., Pena-Valencia, M. F., Alzubaidy, H., Baazeem, A., O'Toole, K., Mendes, L. W., Carvalho, S., Rosado, A. S.",bioRxiv,2026-09-23,yes,10.64898/2026.09.22.753136,https://doi.org/10.64898/2026.09.22.753136,microbiome*; salinity; root; roots; leaf; leaves,Europe PMC
"Growth, development and organs",6.5,Sensitive detection of chloroplast movements through changes in leaf cross-polarized reflectance,"Hermanowicz P, Giza A, Sowa KM, Korecki P, Łabuz J",Plant Physiology,2026-10-06,,10.1093/plphys/kiag739,https://doi.org/10.1093/plphys/kiag739,depolari*; chloroplast*; leaf; leaves; stems; flowering,Crossref
"Growth, development and organs",6.0,Boron deficiency responses in maize (Zea mays L.) roots,"Bienert MD, Junker A, Melzer M, Altmann T, Wirén Nv, Bienert GP.",Journal of Plant Nutrition and Soil Science,2026-06-01,,,https://europepmc.org/article/AGR/IND609471733,root; roots; root hair*; root growth; root architecture; leaf; leaves; shoot*; growth; development,Europe PMC
"Growth, development and organs",6.0,Development and validation of promoters expressed specifically in root tips and bases of lateral roots in rice and tobacco,"Xing Y, Han Y, Wang S, Li X, Zhu S, Han B, Yang Y.",Research Square,2026-09-23,yes,10.21203/rs.3.rs-10956595/v1,https://doi.org/10.21203/rs.3.rs-10956595/v1,nutrient*; root; roots; lateral root*; root tip*; epiderm*; development,Europe PMC
"Growth, development and organs",6.0,Characterization of Rhizosphere Oxidation Associated with Root Development in Rice Using Planar Oxygen Optodes.,"Kawai T, Teramoto S, Ma X, Fukushima D, Hmwe KK, Kimani SM, Tokida T, Uga Y.",Plant physiology,2026-09-11,,10.1093/plphys/kiag675,https://doi.org/10.1093/plphys/kiag675,root; roots; root growth; root development; root tip*; growth; development,Europe PMC
"Growth, development and organs",6.0,"Low-cost rhizotron imaging and zero-shot deep-learning resolve temporal, spatial, and genetic variation in grapevine rootstock root systems","Diaz-Garcia, L., Munoz, J. R., Torres-Lomas, E., McElrone, A. J., Sharma, S., Lupo, Y.",bioRxiv,2026-09-14,yes,10.64898/2026.09.10.750709,https://doi.org/10.64898/2026.09.10.750709,nutrient*; root; roots; root growth; stoma*; growth; deep learning,Europe PMC
"Growth, development and organs",6.0,Single-Cell RNA-Sequencing in Nodulated Roots of Medicago truncatula.,"Müller S, Adema K, van Seters A, Witmer J, Kohlen W, Grones C.","Methods in molecular biology (Clifton, N.J.)",2027-01-01,,10.1007/978-1-0716-5603-7_18,https://doi.org/10.1007/978-1-0716-5603-7_18,root; roots; root development; growth; development; single-cell,Europe PMC
"Growth, development and organs",6.0,Multimodal single cell analysis reveals a link between flowering and leaf initiation,"Minow, M. A. A., Ali, Z., Sangra, A., Behrendt, N. J., Lukens, L., Colasanti, J., Schmitz, R. J.",bioRxiv,2026-09-24,yes,10.64898/2026.09.23.753879,https://doi.org/10.64898/2026.09.23.753879,ethylene; nucleus; leaf; leaves; meristem*; flowering; single-cell; CRISPR,Europe PMC
"Growth, development and organs",6.0,RootHairML: A Simple Machine-Learning Tool for Quantifying Root Hairs.,"Motte H, Jourquin J, Vereecken K, Smet W, Beeckman T, Verwaeren J.","Methods in molecular biology (Clifton, N.J.)",2027-01-01,,10.1007/978-1-0716-5603-7_8,https://doi.org/10.1007/978-1-0716-5603-7_8,nutrient*; root; root hair*; development; machine learning,Europe PMC
"Growth, development and organs",6.0,Unveiling the interplay between methylglyoxal and plant growth under abiotic adversity via a red-emissive probe operated by a ring-closure mechanism.,"Li YL, Li XH, Liu TT, Qiu Y, Luo XG, Sun Q, Yu SJ.",Smart molecules : open access,2026-09-21,,10.1002/smo2.70106,https://doi.org/10.1002/smo2.70106,signaling; drought; stress respon*; root; roots; growth; development,Europe PMC
"Growth, development and organs",6.0,Single-nucleus transcriptome atlas of Brassica developing seeds provides cellular and molecular insights into embryo abortion in interspecific hybrids.,"Chu Q, Zhang X, Zhu G, Zhang R, He S, Liang K, Zhao X, Amir Gulzar RM, Javaid MH, Xu B, Pan S, Yang J, Chen N, Lin S, Li X, Zhang P, He Y, Duan Q, Cao J, Huang L, Huang J.",Molecular plant,2026-10-01,,10.1016/j.molp.2026.09.016,https://doi.org/10.1016/j.molp.2026.09.016,receptor*; hormone*; nucleus; seed*; embryo*; development,Europe PMC
"Growth, development and organs",6.0,"PpLEA genes in embryophytes,instead of LEAs being angiosperm-unique.","Du J, Li J, Wang L.",Frontiers in plant science,2026-09-15,,10.3389/fpls.2026.1917865,https://doi.org/10.3389/fpls.2026.1917865,abscisic acid; ABA; drought; stress respon*; flowering; embryo*; growth; development,Europe PMC
"Growth, development and organs",6.0,Transcriptome Analysis Reveals Far‐Red Light's Effect on the Seedling Leaf Angle of Rice (Oryza sativa L.),"Zhang X, Tang C, Ouyang S, Li Y, Yang Z, Zhou X, Mutombo AM, Liu X, Zhou Z, Lu X, Xia M.",Physiologia Plantarum,2026-01-01,,,https://europepmc.org/article/AGR/IND609487803,auxin*; root; root growth; leaf; seed*; growth; development,Europe PMC
"Growth, development and organs",6.0,Trichome acylsugar defenses are equally effective against leaf-mining and free-living insects.,"Sun Z, Pan X, Bi S, Zhang Y, Dun J, Mahesati D, Lin Y, Fu Y, Gao Y, Xu X, Chen N, Xing J, Ye W, Ji M, Baldwin IT, Li J.",Current biology : CB,2026-09-23,,10.1016/j.cub.2026.08.069,https://doi.org/10.1016/j.cub.2026.08.069,defense; leaf; leaves; trichome*; epiderm*; growth; microscop*,Europe PMC
"Growth, development and organs",6.0,Single-Cell Insights into Medicinal Plant Development and Metabolism.,"Jiang B, Le L.","Plants (Basel, Switzerland)",2026-09-12,,10.3390/plants15182799,https://doi.org/10.3390/plants15182799,nucleus; phloem; trichome*; epiderm*; development; single-cell,Europe PMC
"Growth, development and organs",6.0,Potassium deficiency reinforces the endodermal but not the exodermal suberized barrier in maize seminal roots,"Liu, T., Dittert, K., Cakmak, I., Gerendas, J., Grunhofer, P., Zeisler-Diehl, V., Schreiber, L., Kreszies, T.",bioRxiv,2026-09-23,yes,10.64898/2026.09.21.753126,https://doi.org/10.64898/2026.09.21.753126,apoplast*; abscisic acid; ABA; root; roots; shoot*; endoderm*,Europe PMC
"Growth, development and organs",6.0,Establishment of plant lines cured of vertically transmitted ‘good’ viruses: The effects on plant growth and seed characteristics,"Viswanathan, S. B., Murphy, A. M., Pate, A. E., Miccolis, S. L., Engelhardt, L. M., Carr, J. P.",bioRxiv,2026-09-28,yes,10.64898/2026.09.27.754801,https://doi.org/10.64898/2026.09.27.754801,pathogen*; drought; root; root growth; seed*; growth,Europe PMC
"Growth, development and organs",6.0,Plant tropisms: pH-guided saprotropism enables roots to avoid decay zones.,"Colombi T, Shukla V, Sturrock C, Bennett MJ, Bhosale R.",Current biology : CB,2026-09-01,,10.1016/j.cub.2026.08.001,https://doi.org/10.1016/j.cub.2026.08.001,pH; salinity; roots; tropism*; growth,Europe PMC
"Growth, development and organs",6.0,Integration of snRNA-seq and GWAS reveals AhWRI1-03a regulating seed oil content in Peanuts (Arachis hypogaea L.).,"Sun Z, Chen T, Wang R, Jin W, Umer MJ, Lu Q, Yu Q, Huang L, Li S, Huai D, Lei Y, Liu X, Varshney RK, Hong Y, Chen X, Liu H.",Plant physiology,2026-09-22,,10.1093/plphys/kiag710,https://doi.org/10.1093/plphys/kiag710,nucleus; nuclear; cotyledon*; seed*; embryo*; development; differentiation; single-cell,Europe PMC
"Growth, development and organs",6.0,Field Density Variation and Metabolite Profiling Reveal Transcriptome Mechanisms Driving Salt Responsive Root Flavone Accumulation in Scutellaria baicalensis,"Lin Z, Zhang Y, Zhao C, Zhao K, Ma D, Zhang T, Wang M, Yao H.",Preprints.org,2026-09-25,yes,10.20944/preprints202609.2226.v1,https://doi.org/10.20944/preprints202609.2226.v1,salt stress; NaCl; cytoskelet*; microtubul*; root; root growth; seed*; growth,Europe PMC
"Growth, development and organs",6.0,Environmental and genetic differentiation underlies divergence in phosphorus-acquisition strategies of Embothrium coccineum cultivated on volcanic substrates of contrasting age.,"Delgado M, Mardones C, Henríquez-Castillo C, Sepúlveda-Espinoza F, Toro-Núñez O, Alarcón D, Narváez G, Bascuñán-Godoy L, Hasbún R, Zúñiga-Feest A, Hanna P, Bertin-Benavides A.",Plant physiology and biochemistry : PPB,2026-09-11,,10.1016/j.plaphy.2026.111747,https://doi.org/10.1016/j.plaphy.2026.111747,nutrient*; root; roots; root development; leaf; seed*; growth; development; differentiation,Europe PMC
"Growth, development and organs",6.0,Grafting and biodynamic nanosilica-induced physiological and transcriptomic modulation of chilli (Capsicum annuum L.) under drought stress.,"Bharathy N, Parthasarathi T.",Frontiers in plant science,2026-08-25,,10.3389/fpls.2026.1916999,https://doi.org/10.3389/fpls.2026.1916999,MAPK*; signalling; ABA; hormone*; drought; root; root architecture; leaf,Europe PMC
"Growth, development and organs",6.0,Comparative Effects of Cytokinins and Spermidine on In Vitro Organogenesis of Ruscus hypoglossum L. and Rooting of Regenerated Shoots.,"Hatipoğlu İH, Karagüzel ÜÖ.","Plants (Basel, Switzerland)",2026-08-27,,10.3390/plants15172615,https://doi.org/10.3390/plants15172615,cytokinin*; hormone*; shoot*; seed*; organogenesis,Europe PMC
"Growth, development and organs",6.0,Gene Expression Analysis from Specific Root Cell Types.,"Terenzi A, Salvi E, Di Mambro R.","Methods in molecular biology (Clifton, N.J.)",2027-01-01,,10.1007/978-1-0716-5603-7_17,https://doi.org/10.1007/978-1-0716-5603-7_17,root; roots; root development; development; single-cell; spatial transcriptom*,Europe PMC
"Growth, development and organs",6.0,Cellular-level thallium distribution in Biscutella laevigata revealed by X-ray fluorescence microscopy-computed tomography.,"van der Ent A, Jakovljević K, Salinitro M, Brueckner D, Gonnelli C.",Annals of botany,2026-09-24,,10.1093/aob/mcag306,https://doi.org/10.1093/aob/mcag306,vacuol*; root; leaves; shoot*; trichome*; epiderm*; microscop*,Europe PMC
Hormones,21.5,Transcriptomic Insights Into Peppermint Adventitious Root Development Induced by Trichoderma Volatile Organic Compounds Under Salt Stress,"Zhao Z, Kan Q, Yang K, Wei Y, Zhou Y, Li J.",Physiologia Plantarum,2026-01-01,,,https://europepmc.org/article/AGR/IND609463048,ROS; reactive oxygen species; signal transduction; signaling; auxin*; abscisic acid; ABA; gibberellin*; ethylene; hormone*; salt stress; NaCl; cell wall*; root; root development; seed*; development,Europe PMC
Hormones,17.0,Overview of molecular mechanisms underlying stress responses; signaling pathways and secondary metabolite synthesis in plants.,"Amin A, Abbas K.",Plant molecular biology,2026-09-21,,10.1007/s11103-026-01757-z,https://doi.org/10.1007/s11103-026-01757-z,calcium; kinase*; receptor-like kinase*; signaling; receptor*; auxin*; abscisic acid; ethylene; jasmon*; salicylic acid; phytohormone*; pathogen*; defense; salinity; drought; stress respon*,Europe PMC
Hormones,16.5,"Brassinosteroids as Central Regulators of Plant Growth, Stress Tolerance, and Agricultural Resilience.","Jan R, Iqbal S, Ali S, Kim KM.","Plants (Basel, Switzerland)",2026-08-25,,10.3390/plants15172582,https://doi.org/10.3390/plants15172582,signaling; auxin*; abscisic acid; gibberellin*; ethylene; jasmon*; salicylic acid; brassinosteroid*; phytohormone*; pathogen*; defense; salinity; drought; heavy metal*; stress respon*; growth; development,Europe PMC
Hormones,16.0,Nitric Oxide Enhances Salt Tolerance in Ginger Seedlings Through Phytohormone Homeostasis and Starch and Sugar Metabolism.,"Zhong Y, Zhu S, Yuan J, Yang Y, Qin M, Zhu Z, Ma X, Zhai J, Wei S, Wei L, Liu Y.",Physiologia plantarum,2026-09-01,,10.1111/ppl.71139,https://doi.org/10.1111/ppl.71139,signal transduction; signaling; IAA; abscisic acid; ABA; gibberellin*; GA3; jasmon*; MeJA; brassinosteroid*; phytohormone*; hormone*; salt stress; stress respon*; leaves; seed*; growth,Europe PMC
Hormones,14.5,The HD-Zip II Transcription Factor SlHZ07 Promotes Growth and Drought Tolerance in Tomato.,"Dong S, Li J, Zhang J, Song L, Wang Y, Zhao L, Chen J, Brotman Y, Li J, Zhao T.","Antioxidants (Basel, Switzerland)",2026-08-25,,10.3390/antiox15091062,https://doi.org/10.3390/antiox15091062,ROS; reactive oxygen species; abscisic acid; ABA; gibberellin*; GA; jasmon*; JA; hormone*; drought; stress respon*; nucleus; growth; development,Europe PMC
Hormones,14.5,Kinase crosstalk coordinates stress adaptation and metabolic homeostasis in plants.,"Manda T, Hwarari D, Dzinyela R.",Planta,2026-09-25,,10.1007/s00425-026-05177-7,https://doi.org/10.1007/s00425-026-05177-7,calcium; CDPK*; kinase*; MAPK*; signaling; abscisic acid; ABA; jasmon*; JA; salicylic acid; defense; autophagy; growth; development,Europe PMC
Hormones,14.5,The Dark Septate Endophyte S16 Enhances Drought Tolerance in Sweet Cherry by Coordinating Metabolic Reprogramming and the Transcription Factor PaHB12.,"Li W, Qu D, Pang Q, Zhou J, Wang H, Li S, Lv M, Yang L, Tian W, Wu F, Su H.",Tree physiology,2026-09-11,,10.1093/treephys/tpag131,https://doi.org/10.1093/treephys/tpag131,auxin*; IAA; abscisic acid; ABA; cytokinin*; jasmon*; JA; salicylic acid; hormone*; symbio*; endophyt*; drought; root; seed*; growth,Europe PMC
Hormones,14.0,The FaAP2-11 Transcription Factor Putatively Regulates Cell Wall Remodeling and Stress-Acclimation Responses Under Drought and Salinity Stress.,"Moreno-Recio MD, Spadoni-Revol F, Aguado-Delgado S, Posé S, Mercado JA, Caballero JL, Moyano E, Molina-Hidalgo FJ, Fernández-Moreno JP, Ruiz-Gómez FJ, Muñoz-Blanco J, Blanco-Portales R.",International journal of molecular sciences,2026-09-15,,10.3390/ijms27188203,https://doi.org/10.3390/ijms27188203,signaling; abscisic acid; ethylene; jasmon*; salicylic acid; phytohormone*; hormone*; salinity; drought; cell wall*; roots; leaves,Europe PMC
Hormones,13.5,Melatonin as a hub signal integrating redox and hormonal crosstalk with multi-omics regulation in plant heavy metal stress tolerance.,"Zhu S, Lv Y, Lin S, Lu W, Fiaz S, Manzoor MA.",Plant physiology and biochemistry : PPB,2026-09-10,,10.1016/j.plaphy.2026.111739,https://doi.org/10.1016/j.plaphy.2026.111739,ROS; reactive oxygen species; signaling; abscisic acid; ABA; jasmon*; JA; salicylic acid; defense; nutrient*; heavy metal*; cadmium; growth,Europe PMC
Hormones,13.0,Physiological Mechanisms of Silicon-Induced Drought Tolerance in Crops.,Rastogi A.,"Plants (Basel, Switzerland)",2026-09-05,,10.3390/plants15172721,https://doi.org/10.3390/plants15172721,signalling; auxin*; abscisic acid; ethylene; jasmon*; microbiome*; defence; drought; nutrient*; cell wall*; root; root growth; stoma*; growth,Europe PMC
Hormones,13.0,"Integrated Transcriptomic Profiling Reveals Distinct and Overlapping Transcriptional Responses and Regulatory Pathways Mediated by Salicylic Acid, Jasmonic Acid, and Abscisic Acid in Lotus (Nelumbo nucifera).","Xu J, Yang Z, Yang J, Meng Y, Liu X.",International journal of molecular sciences,2026-09-07,,10.3390/ijms27177957,https://doi.org/10.3390/ijms27177957,kinase*; MAPK*; signaling; abscisic acid; ABA; jasmon*; JA; salicylic acid; hormone*; defense; stress respon*; seed*; growth,Europe PMC
Hormones,12.5,The ADF4-RCAR12 module regulates ABA-mediated drought tolerance in Arabidopsis.,"Li X, Feng Y, He J, Li Y, Li X, Wang J, Yang Y, Wang M.",Frontiers in plant science,2026-09-03,,10.3389/fpls.2026.1930623,https://doi.org/10.3389/fpls.2026.1930623,phosphoryl*; signaling; receptor*; abscisic acid; ABA; immun*; drought; actin; stoma*; cotyledon*; seed*; germination,Europe PMC
Hormones,12.5,The role of MYB21 in jasmonate-mediated processes in Arabidopsis: transcending flower-specific functions to vegetative tissue.,"Mekkaoui K, Linh Nguyen LT, Herdani OP, Gago-Zachert S, Mielke S, Baral R, Hause G, Acosta IF, Gasperini D, Hause B.",Journal of experimental botany,2026-09-22,,10.1093/jxb/erag462,https://doi.org/10.1093/jxb/erag462,signaling; cytokinin*; jasmon*; JA; phytohormone*; hormone*; Botrytis; defense; stress respon*; leaves; seed*; germination; trichome*; epiderm*; growth; development,Europe PMC
Hormones,12.5,"Comparative physiological, hormonal, and transcriptional analyses reveal the difference between diploid and autotetraploid rice under cadmium stress.","Cai W, Wang WS, Deng H, Chen B, Zhang G, Wang P, Zhu YS.",Plant cell reports,2026-09-20,,10.1007/s00299-026-03988-2,https://doi.org/10.1007/s00299-026-03988-2,ROS; signaling; IAA; gibberellin*; GA; jasmon*; JA; phytohormone*; hormone*; heavy metal*; cadmium; roots; shoot*; seed*,Europe PMC
Hormones,12.5,Genome-wide identification of the superoxide dismutase gene family in Lycium barbarum and their expression profiles under abiotic stress and phytohormone treatment.,"Cao X, Bai X, Li Y, Hui X, Niu J, Liang X, Yin Y, An W.",Frontiers in plant science,2026-08-27,,10.3389/fpls.2026.1897912,https://doi.org/10.3389/fpls.2026.1897912,reactive oxygen species; abscisic acid; ABA; jasmon*; MeJA; phytohormone*; hormone*; defense; salt stress; drought; stress respon*; development,Europe PMC
Hormones,11.5,Salicylic Acid Sustains Flower Performance Under Salinity in Calendula officinalis L. Plants Associated with ABA Responses and Antioxidant Regulation.,"Rojas-Ruilova X, Guzman MR, Marques I.","Plants (Basel, Switzerland)",2026-08-26,,10.3390/plants15172599,https://doi.org/10.3390/plants15172599,abscisic acid; ABA; salicylic acid; salinity; NaCl; stress respon*; leaf; flowering; growth; development,Europe PMC
Hormones,11.5,"Synergistic Regulation of Codonopsis pilosula Growth and Metabolism by Trichoderma, Salicylic Acid, and Methyl Jasmonate","Huang S, Zhou K, Zhang H, Zhu N, Yang Z, Luo W, Sun W, Wang Y, Wang C, Wang F, Pan X.",Physiologia Plantarum,2026-01-01,,,https://europepmc.org/article/AGR/IND609487747,signaling; jasmon*; JA; MeJA; salicylic acid; hormone*; endophyt*; defense; root; root development; growth; development,Europe PMC
Hormones,11.0,HY5: a transcription factor integrating environmental and endogenous signals in plant development and acclimation.,"Shen J, Liu Y, Zhao H, Liu Y, Zhu F, Xie Y.",Journal of experimental botany,2026-09-17,,10.1093/jxb/erag472,https://doi.org/10.1093/jxb/erag472,ubiquitin*; abscisic acid; gibberellin*; ethylene; jasmon*; brassinosteroid*; salinity; drought; root; shoot*; hypocotyl*; growth; development,Europe PMC
Hormones,11.0,Metabolic Dynamics and Modular Regulatory Mechanisms of Leaf Abscission in Cyclocarya paliurus Stem Segments In Vitro,"Wu G, Zhang X, Geng S, Chen X, Tang M, Li G, Li X, Wang Z, Liu Y, Yangyang, Feng X, Liu Y.",Physiologia Plantarum,2026-01-01,,,https://europepmc.org/article/AGR/IND609487815,Rboh*; MAPK*; signaling; auxin*; ABA; ethylene; cell wall*; leaf; leaves; stem; development,Europe PMC
Hormones,10.5,Decoding Hormone Signaling Dynamics in Arabidopsis Under Combined Stress: How Different Abiotic Stress Responses Are Fine‐Tuned by High Temperatures,"González‐Aguilar JA, Pascual LS, Vives‐Peris V, Rambla JL, Zarzo M, Gómez‐Cadenas A, López‐Climent MF, Zandalinas SI.",Physiologia Plantarum,2026-01-01,,,https://europepmc.org/article/AGR/IND609487816,signaling; abscisic acid; ABA; jasmon*; JA; hormone*; salinity; heat stress; stress respon*; growth,Europe PMC
Hormones,10.5,Advances and challenges in building microbial cell factories for phytohormone biomanufacturing toward sustainable agriculture.,"Fan L, Wang K, Lin L, Gao J, Shi TQ, Sun ML, Ji XJ.",Biotechnology advances,2026-09-07,,10.1016/j.biotechadv.2026.109035,https://doi.org/10.1016/j.biotechadv.2026.109035,signaling; auxin*; abscisic acid; gibberellin*; jasmon*; salicylic acid; phytohormone*; pathogen*; growth; development; machine learning,Europe PMC
Hormones,10.5,Hormonal and transcriptomic reprogramming underlie responses to recurrent drought in the halophyte Atriplex halimus L.,"Martín-Peláez MR, Valle-Romero P, Paun O, Mateos-Naranjo E, Redondo-Gómez S.",Plant physiology and biochemistry : PPB,2026-09-21,,10.1016/j.plaphy.2026.111776,https://doi.org/10.1016/j.plaphy.2026.111776,signaling; abscisic acid; ABA; jasmon*; JA; salicylic acid; phytohormone*; osmotic stress; drought; stress respon*; leaf,Europe PMC
Hormones,10.5,Integrated Proteomics and Metabolomics Analysis Reveals Regulatory Mechanisms Underlying Flower Bud Development in Camellia drupifera.,"Wang Y, Chen X, Chen Y, Liao B, Zhang H, Li Y.",Biochemical genetics,2026-09-08,,10.1007/s10528-026-11448-5,https://doi.org/10.1007/s10528-026-11448-5,H2O2; hydrogen peroxide; kinase*; IAA; abscisic acid; ABA; gibberellin*; GA3; ethylene; hormone*; seed*; growth; development,Europe PMC
Hormones,10.0,Enhancement of developmental defects in the boron‐deficient maize mutant tassel‐less1 by reduced auxin levels,"Matthes MS, Best NB, Robil JM, McSteen P.",Journal of Plant Nutrition and Soil Science,2026-06-01,,,https://europepmc.org/article/AGR/IND609471734,auxin*; PIN\d+; phytohormone*; hormone*; nutrient*; cell wall*; root; leaf; leaves; meristem*; shoot*; development; confocal; microscop*,Europe PMC
Hormones,10.0,"Integrated physiological, transcriptomic and metabolomic analyses reveal the mechanism of UV-B radiation enhancement to alleviate drought stress damage in Tibetan hulless barley (qingke).","Liu L, Shoaib N, Pan K, Li Q, Tang H, Zhang L, Sun X, Wu X, Pan Z.",Plant physiology and biochemistry : PPB,2026-09-10,,10.1016/j.plaphy.2026.111745,https://doi.org/10.1016/j.plaphy.2026.111745,reactive oxygen species; signaling; auxin*; abscisic acid; gibberellin*; cytokinin*; jasmon*; brassinosteroid*; phytohormone*; drought; growth,Europe PMC
Hormones,10.0,Phytohormones in fungi: inter-kingdom modulators or fungal self-controlling elements?,"García-Estrada DA, Ruvalcaba-Villagrán M, Sánchez-Fonseca AG, Duran-Palmerin J, Ornelas-Paz J, Vargas-Gasca F, Olmedo-Monfil V, Herrera-Estrella A.",Microbiology and molecular biology reviews : MMBR,2026-09-14,,10.1128/mmbr.00261-25,https://doi.org/10.1128/mmbr.00261-25,signal transduction; signaling; auxin*; abscisic acid; gibberellin*; cytokinin*; ethylene; salicylic acid; brassinosteroid*; phytohormone*; hormone*; growth; development,Europe PMC
Hormones,10.0,Genome-Wide Analysis of the PYL Gene Family and Its Expression Dynamics in Response to Abscisic Acid in Tomato.,"Jan N, Yang A, Sha T, Li Z, Sun J, Yang J, Gulzar RMA.",International journal of molecular sciences,2026-08-29,,10.3390/ijms27177737,https://doi.org/10.3390/ijms27177737,phosphoryl*; signal transduction; signaling; receptor*; abscisic acid; ABA; hormone*; stress respon*; chloroplast*; root; leaf; growth; development,Europe PMC
Hormones,10.0,Wheat Dwarf Virus as a Modulator of Multi‐Stress Responses in Wheat,Asszonyi J.,Physiologia Plantarum,2026-01-01,,,https://europepmc.org/article/AGR/IND609487782,signalling; auxin*; abscisic acid; gibberellin*; cytokinin*; pathogen*; microbiome*; defence; drought; nutrient*; stress respon*; development,Europe PMC
Hormones,10.0,NpWRKY38 Negatively Regulates Drought Tolerance by Impairing ABA/SA Signaling as Well as Photosynthesis in Narenga porphyrocoma.,"Li S, Li H, Zhu K, Wang R, Tang Y, Zhou H, Wei J, Gui Y, Liu X.","Plants (Basel, Switzerland)",2026-09-09,,10.3390/plants15182759,https://doi.org/10.3390/plants15182759,MAPK*; signal transduction; signaling; abscisic acid; ABA; salicylic acid; hormone*; drought; chloroplast*; stoma*,Europe PMC
Hormones,10.0,LBD Transcription Factors: Conserved Developmental Hubs Integrating Plant Regeneration and Environmental Adaptation,"Ding Y, Ren J, Yao L, Zhang S.",Preprints.org,2026-09-20,yes,10.20944/preprints202609.1734.v1,https://doi.org/10.20944/preprints202609.1734.v1,ROS; signaling; auxin*; ABA; JA; pathogen*; salinity; drought; growth; organogenesis,Europe PMC
Hormones,9.5,"A broadly conserved phytoplasma α/β-hydrolase effector, SGP-7, is a catalytically active esterase that hydrolyses strigolactone analogues and alters shoot architecture","Verma, S., Yadav, A.",bioRxiv,2026-10-06,yes,10.64898/2026.10.05.756913,https://doi.org/10.64898/2026.10.05.756913,receptor*; auxin*; strigolactone*; hormone*; effector*; pathogen*; phloem; shoot*; development,Europe PMC
Hormones,9.5,γ‑polyglutamic acid‑induced GhJAZ8 positively regulates drought tolerance in cotton associated with phytohormone signaling.,"Wang X, Kudelaiti K, Fu W, Han A, Zhong X, Bao Z, Shan D, Lou Y, Chen H, Jiang M, Liusui Y, Zhang J.",Plant molecular biology,2026-09-17,,10.1007/s11103-026-01763-1,https://doi.org/10.1007/s11103-026-01763-1,signaling; ABA; JA; MeJA; phytohormone*; hormone*; drought; leaf; growth,Europe PMC
Hormones,9.5,Integration of Axillary Meristem Development and Gibberellin Homeostasis by CjLAS Regulates Shoot Branching in Clerodendrum japonicum.,"Chen H, Deng Y, Wang C, Liao G, Long Y, Su L, He C, Xu M, Wang H.","Plants (Basel, Switzerland)",2026-09-15,,10.3390/plants15182827,https://doi.org/10.3390/plants15182827,gibberellin*; GA; GA3; GA4; hormone*; meristem*; shoot*; development,Europe PMC
Hormones,9.5,Germination-Related Universal Stress Protein (GRUSP) Is Involved in Abscisic Acid Responses During Imbibition and Early Post-Germination Growth of Arabidopsis Seeds.,"Pojidaeva ES, Gorshkova DS, Kudryakova NV, Kusnetsov VV.",International journal of molecular sciences,2026-08-23,,10.3390/ijms27177540,https://doi.org/10.3390/ijms27177540,signaling; abscisic acid; ABA; gibberellin*; GA; stress respon*; seed*; germination; growth,Europe PMC
Hormones,9.5,ABA Signaling De-Repression Coordinates With Cytokinin to Drive Large Petal Formation in Brassica napus.,"Cheng MX, Gao JH, Xu LN, Long ZX, Wei LJ, Wang Z, Miao L.",Physiologia plantarum,2026-09-01,,10.1111/ppl.71108,https://doi.org/10.1111/ppl.71108,signaling; abscisic acid; ABA; cytokinin*; jasmon*; JA; salicylic acid; brassinosteroid*; hormone*; cell expansion; development,Europe PMC
Hormones,9.5,"Insights into Candidate Pathways Associated with Multi-Pistil Formation in Chinese Chestnut (Castanea mollissima Bl.): Evidence from Anatomy, Physiology, and Molecular Biology.","Xie J, Guo S, Zheng R.",Biology,2026-08-26,,10.3390/biology15171459,https://doi.org/10.3390/biology15171459,signal transduction; auxin*; IAA; gibberellin*; GA; cytokinin*; jasmon*; JA; phytohormone*; hormone*; meristem*; trichome*; development; differentiation,Europe PMC
Hormones,9.5,Regulatory Effects of Combined Application of Exogenous IAA and 6-BA on Sprout Development and Endogenous Hormone Balance in Pinus yunnanensis Seedlings After Stumping,"Xu W, Geng S, Lu M, Kang X, Xu Y, Yang B, Cai N.",Research Square,2026-09-24,yes,10.21203/rs.3.rs-10872955/v1,https://doi.org/10.21203/rs.3.rs-10872955/v1,IAA; abscisic acid; ABA; gibberellin*; GA; hormone*; seed*; germination; growth; development,Europe PMC
Hormones,9.5,A conserved β-sheet motif mediates PIN2 hydrophilic loop-loop interactions to regulate PIN2 dynamics.,"Maeng KH, Cho HT.",Proceedings of the National Academy of Sciences of the United States of America,2026-09-30,,10.1073/pnas.2620626123,https://doi.org/10.1073/pnas.2620626123,phosphoryl*; auxin*; PIN\d+; plasma membrane; trafficking; polarity; root; gravitrop*; development,Europe PMC
Hormones,9.5,Physiological and transcriptome analysis of citrus under drought stress,"Wang Y, He X, Huang J, Li F, Wang Y, Xu Y, Yuan C, Li N.",Research Square,2026-10-05,yes,10.21203/rs.3.rs-10972398/v1,https://doi.org/10.21203/rs.3.rs-10972398/v1,signal transduction; signaling; abscisic acid; ABA; hormone*; defense; drought; plasma membrane; trafficking; leaves; growth,Europe PMC
Hormones,9.0,SMAX1 integrates KAI2 and ethylene signaling to regulate Arabidopsis hypocotyl growth in light.,"Ogawa S, Wong S, Gutjahr C, Nelson DC.",Journal of experimental botany,2026-09-18,,10.1093/jxb/erag471,https://doi.org/10.1093/jxb/erag471,signaling; ethylene; karrikin*; hormone*; roots; hypocotyl*; seed*; growth; development,Europe PMC
Hormones,9.0,Sinapoylglucose: malate sinapoyltransferase SNG1 negatively regulates drought resistance by crosstalk with abscisic acid signaling in Arabidopsis.,"Li K, Jia J, Yang Y, Zhang M, Zhang S, Liang X, Lu Z, Xu M, Wang Z, Yang F, Li H, Guo J, Jia KP, Tran LP, Botella JR, Li W, Miao Y.",The Plant journal : for cell and molecular biology,2026-09-01,,10.1111/tpj.71102,https://doi.org/10.1111/tpj.71102,signal transduction; signaling; abscisic acid; ABA; hormone*; drought; leaf; leaves; stoma*; seed*,Europe PMC
Hormones,9.0,Genome-wide identification of basic helix-loop-helix (bHLH) genes in Pinellia ternata and their responses to abiotic stress and hormone treatments.,"Wang X, Li H, Li Z, He H, Xia Z, Liu Y, Cai X, Huang W, Sun X.",PeerJ,2026-09-30,,10.7717/peerj.21774,https://doi.org/10.7717/peerj.21774,signal transduction; signaling; abscisic acid; ABA; jasmon*; MeJA; salicylic acid; hormone*; drought; stress respon*; roots; growth; development,Europe PMC
Hormones,9.0,Auxin and Jasmonic Acid Signalling Crosstalk Mediates Plant Growth Regulator-Stimulated Epigallocatechin Gallate Accumulation in Tea Plants (Camellia sinensis).,"Hu Y, Liu L, Zeng X, Lu X, Tuo Y, Wang Y, Zhu Z, Zhu Q, Shi Y, Wu L, Zhang Y, Lin J.","Plants (Basel, Switzerland)",2026-09-09,,10.3390/plants15182764,https://doi.org/10.3390/plants15182764,signal transduction; signaling; signalling; auxin*; jasmon*; JA; hormone*; growth; development,Europe PMC
Hormones,9.0,Low R:FR Light Shifts the Growth–Immunity Balance in Rice via PIF‐Mediated Suppression of SA and JA Pathways,"Panda D, Mohanty S, Tripathy BC, Baig MJ, Behera L.",Physiologia Plantarum,2026-01-01,,,https://europepmc.org/article/AGR/IND609463099,signalling; auxin*; gibberellin*; jasmon*; JA; salicylic acid; immun*; defence; growth,Europe PMC
Hormones,9.0,Multilevel Analysis of Glutathione-Induced Responses in Pepper Seedlings Under Water-Deficit Conditions.,"Ekinci M, Yigider E, Turan M, Ors S, Aydin M, Yildirim E.","Plants (Basel, Switzerland)",2026-09-16,,10.3390/plants15182831,https://doi.org/10.3390/plants15182831,H2O2; hydrogen peroxide; abscisic acid; ABA; phytohormone*; hormone*; defense; drought; root; leaf; stem; seed*; growth,Europe PMC
Hormones,9.0,Multi-omics Analysis Reveals the Mechanism of Yam Bulbil Sprouting in Response to Growth Regulators,"cheng y, xu s, liu y, duan y, han s, Long W.",Research Square,2026-09-17,yes,10.21203/rs.3.rs-10432037/v1,https://doi.org/10.21203/rs.3.rs-10432037/v1,signaling; receptor*; auxin*; GA; cytokinin*; ethylene; jasmon*; brassinosteroid*; phytohormone*; hormone*; growth,Europe PMC
Hormones,9.0,The FaPSMD14-FaEIN3-FaWRKY40 module enhances strawberry resistance to Botrytis cinerea by modulating cytokinin and jasmonic acid biosynthesis.,"Zhu X, Xing K, Zhang L, Duan C, Xu M, Feng L, Yu J, Sheng L.",Plant physiology,2026-09-16,,10.1093/plphys/kiag689,https://doi.org/10.1093/plphys/kiag689,cytokinin*; ethylene; jasmon*; hormone*; Botrytis; defense; nucleus,Europe PMC
Hormones,8.5,Exogenous auxin alleviates cadmium toxicity in hulless barley by modulating the transcriptional network of the HbPIN gene family.,"Li L, Guo T, Chen Q, Chen G, Lin L, Gao X.",Plant physiology and biochemistry : PPB,2026-09-16,,10.1016/j.plaphy.2026.111759,https://doi.org/10.1016/j.plaphy.2026.111759,auxin*; IAA; PIN\d+; heavy metal*; cadmium; root; roots; xylem; shoot*; seed*; growth; development,Europe PMC
Hormones,8.5,Negative feedback regulation of karrikin signaling in Arabidopsis thaliana by an antagonistic paralog of karrikin receptors.,"Li Q, Chang SH, Tuckey A, Sepulveda C, Varshney K, Li D, Gutjahr C, Waters MT, Nelson DC.",Proceedings of the National Academy of Sciences of the United States of America,2026-09-08,,10.1073/pnas.2525145123,https://doi.org/10.1073/pnas.2525145123,signaling; receptor*; strigolactone*; karrikin*; hormone*; symbio*; nuclear; seed*; germination; development,Europe PMC
Hormones,8.5,Functional characterization of melatonin-responsive GhMYC5 in cotton drought tolerance.,"Zhong X, Huang R, Han A, Yarmamat Z, Zhang X, Aihemati K, Fu W, Wang X, Shan D, Wang Y, Ayup M, Zhang J, Guo Y.",Plant physiology and biochemistry : PPB,2026-09-07,,10.1016/j.plaphy.2026.111731,https://doi.org/10.1016/j.plaphy.2026.111731,Ca2+; kinase*; MAPK*; signaling; abscisic acid; ABA; jasmon*; JA; drought; stress respon*; leaf; development,Europe PMC
Hormones,8.5,"Synergistic regulation of defective meiotic DNA repair, premature tapetal degeneration, and hormone signaling underlies pollen abortion in Arundo donax","Liu R, Huangfu Y, Zhang B, Tan X, Huang M, Liang Y, Yu M, Guo J, Xie Z, Tian B, Shi G, Wei F.",Research Square,2026-09-23,yes,10.21203/rs.3.rs-10523110/v1,https://doi.org/10.21203/rs.3.rs-10523110/v1,signaling; ubiquitin*; ethylene; jasmon*; hormone*; nutrient*; microtubul*; seed*; germination; development; microscop*,Europe PMC
Hormones,8.5,"Relationships between plant hormones, carbohydrate metabolism and excision-induced adventitious root formation of two contrasting hydrangea cultivars.","Druege U, Mey N, Geißler T.",Planta,2026-09-14,,10.1007/s00425-026-05156-y,https://doi.org/10.1007/s00425-026-05156-y,auxin*; IAA; abscisic acid; ABA; cytokinin*; jasmon*; phytohormone*; hormone*; root; roots; stem; development,Europe PMC
Hormones,8.5,Time-course transcriptome and WGCNA reveal tissue-specific genes in 'White BK-1' rye during early cold acclimation stage.,"Wang D, Ren W, Wang X.",Frontiers in plant science,2026-09-07,,10.3389/fpls.2026.1936346,https://doi.org/10.3389/fpls.2026.1936346,signal transduction; signaling; ABA; ethylene; hormone*; freezing; autophagy; root; roots; leaf; leaves; growth,Europe PMC
Hormones,8.5,Welan gum promotes camptothecin production in Camptotheca acuminata by activating multiple signaling pathways,"Yang B, Ma W, Cheng J, Gao X, Yu F.",Biotechnol Lett.,2026-08-01,,,https://europepmc.org/article/AGR/IND609518026,signaling; abscisic acid; ABA; gibberellin*; GA; jasmon*; JA; salicylic acid; defense; leaves; growth,Europe PMC
Hormones,8.5,Physiological and transcriptomic insights into the roles of growth and defense hormones in bermudagrass shade tolerance.,"Chen R, Feng J, Xi S, Ji Y, Fan S, Wang J, Kong W, Guo H, Chen J, Li D.",Plant physiology and biochemistry : PPB,2026-09-23,,10.1016/j.plaphy.2026.111760,https://doi.org/10.1016/j.plaphy.2026.111760,signaling; IAA; gibberellin*; GA; jasmon*; JA; salicylic acid; hormone*; defense; leaf; shoot*; growth,Europe PMC
Hormones,8.0,"Aphid Probing and Phloem Feeding Trigger Distinct Plant Immune Programs, Identifying a Broad‑Spectrum Trypsin Protease Inhibitor.","Wan Z, Qiu X, Xiao X, Kang H, Wang Y.","Plant, cell & environment",2026-09-23,,10.1111/pce.70916,https://doi.org/10.1111/pce.70916,ROS; signaling; jasmon*; JA; salicylic acid; immun*; phloem,Europe PMC
Hormones,8.0,Abscisic acid and nitric oxide confer poplar rust resistance through host defense activation and cross-kingdom regulation of effector genes.,"Zhang X, Zeng Y, Yang Y, Xia L, Chen Y, Zhang S.",Tree physiology,2026-09-11,,10.1093/treephys/tpag132,https://doi.org/10.1093/treephys/tpag132,reactive oxygen species; abscisic acid; ABA; effector*; defense; leaf; stoma*; growth,Europe PMC
Hormones,8.0,Involvement of cytokinin response factor 6 in the integration of abiotic stress responses with metabolism and growth in Arabidopsis thaliana.,Couée I.,Planta,2026-09-27,,10.1007/s00425-026-05181-x,https://doi.org/10.1007/s00425-026-05181-x,kinase*; signalling; cytokinin*; ethylene; stress respon*; growth; development,Europe PMC
Hormones,8.0,Structural and functional characterisation of a reconstructed ancestral strigolactone receptor.,"Tuckey AJ, Marshall AC, Rothzerg E, Monte AP, Bennett T, Bond CS, Waters MT.",The Plant journal : for cell and molecular biology,2026-09-01,,10.1111/tpj.71113,https://doi.org/10.1111/tpj.71113,signalling; receptor*; strigolactone*; karrikin*; phytohormone*; mycorrhiz*; shoot*; seed*,Europe PMC
Hormones,8.0,Integrated Transcriptomic and Phytohormone Metabolomic Analyses Reveal Distinct Molecular States Associated with PSTVd-Induced Potato Tuber Cracking and Knob-like Protuberances at Tuber Eyes.,"Li G, Hussain W, Pan T, Chen Y, Li J, Zeng Y, Zhou Y, Lv D.","Plants (Basel, Switzerland)",2026-09-17,,10.3390/plants15182842,https://doi.org/10.3390/plants15182842,Rboh*; cytokinin*; jasmon*; salicylic acid; phytohormone*; hormone*; defense; cell wall*; growth; development,Europe PMC
Hormones,8.0,Transcription factor OsWRKY10 drives a jasmonate-mediated defense amplification circuit constrained by Drought-Induced Protein 1 in rice defence against brown planthopper.,"Zheng E, Zhou J, Yuan X, Wang S, Shen Y, Liao G, Liu X, Cui W, Xu R, Liu H, He H, Chen J, Wang X.",Journal of experimental botany,2026-09-22,,10.1093/jxb/erag456,https://doi.org/10.1093/jxb/erag456,signaling; jasmon*; JA; phytohormone*; defense; defence; drought,Europe PMC
Hormones,8.0,Overexpression of GmJAZ5 Enhances Salt Tolerance in Soybean.,"Ou A, Huang W, Qiu H, Xie M, Yang T, Xue Y.",International journal of molecular sciences,2026-09-01,,10.3390/ijms27177829,https://doi.org/10.3390/ijms27177829,abscisic acid; ABA; jasmon*; JA; phytohormone*; salt stress; nucleus; root; roots; leaves; growth,Europe PMC
Hormones,8.0,Mechanisms of Plant Responses to Waterlogging-Induced Hypoxia: Integrated Regulatory Reprogramming for Survival and Recovery.,"Jiang X, Khan Y, Miao LF, Yang F.","Plant, cell & environment",2026-09-29,,10.1111/pce.70941,https://doi.org/10.1111/pce.70941,reactive oxygen species; signalling; abscisic acid; ethylene; hormone*; hypoxia; stress respon*; growth,Europe PMC
Hormones,8.0,"Nitrate preference and ammonium sensitivity of Hippuris vulgaris under cold conditions: coordination of nitrogen assimilation, oxidative balance and phytohormone responses.","Zhou Y, Cui J, Ruan Y, Zhao S, Wang X, Li J, Sun L, Zhang Z, Chang Y, Yao D.",Plant physiology and biochemistry : PPB,2026-09-11,,10.1016/j.plaphy.2026.111737,https://doi.org/10.1016/j.plaphy.2026.111737,abscisic acid; jasmon*; phytohormone*; nitrate; root; root development; growth; development,Europe PMC
Hormones,8.0,The 11-hydroxy-jasmonic acid pathway expands jasmonate catabolic repertoire for stress-specific hormone attenuation in Arabidopsis,"Heitz T, Marquis V, Zumsteg J, Baksic K, Dannawi D, Ndecky S, Schutz D, Miesch L, Schaeffer P, Adam P",Nature Communications,2026-09-12,,10.1038/s41467-026-77608-8,https://doi.org/10.1038/s41467-026-77608-8,signaling; jasmon*; JA; hormone*; Botrytis; stress respon*; leaf; seed*; growth,Crossref
Hormones,7.5,GASA13 and GASA14 mediate nitric oxide‑induced partial gibberellin insensitivity in Arabidopsis hypocotyl elongation.,"Wang D, Ren Y, Qiao Y, Li Z, Ren H, Liu W.",Plant science : an international journal of experimental plant biology,2026-09-07,,10.1016/j.plantsci.2026.113437,https://doi.org/10.1016/j.plantsci.2026.113437,gibberellin*; GA; hormone*; cell wall*; cell elongation; hypocotyl*; growth,Europe PMC
Hormones,7.5,ABA receptors PYL8 and PYL9 regulate redundantly flowering time in Arabidopsis,"Hu J, Cheng F, Liu J, Zeng Y, Dong X, Tang Y, Zhang L.",Research Square,2026-09-23,yes,10.21203/rs.3.rs-10399629/v1,https://doi.org/10.21203/rs.3.rs-10399629/v1,receptor*; abscisic acid; ABA; hormone*; drought; flowering,Europe PMC
Hormones,7.5,"rcm1t, a Loss-of-Function Allele of SlRCM1, Causes Premature Chloroplast Senescence and Is Associated with Enhanced Osmotic Stress Tolerance in Tomato.","Qiu Z, Pan C, Lan D, Gao W, Liu W, Wang Q, Zhu C, Li X, Liu L, Huang Z, Du Y, Li J, Yang W, Wang X.",International journal of molecular sciences,2026-09-10,,10.3390/ijms27188071,https://doi.org/10.3390/ijms27188071,signaling; abscisic acid; ABA; phytohormone*; osmotic stress; chloroplast*; leaf; development,Europe PMC
Hormones,7.5,Holobiont Plasticity Under Abiotic Stress: A Systems Biology Perspective on Plant–Bacteria–Fungi Interactions,Upadhyay SK.,Physiologia Plantarum,2026-01-01,,,https://europepmc.org/article/AGR/IND609487790,signaling; auxin*; abscisic acid; ethylene; phytohormone*; microbiome*; nutrient*; stress respon*; root; root development; growth; development,Europe PMC
Hormones,7.5,Silicon nanoparticles and jasmonic acid synergistically enhance cadmium phytoextraction by Sedum alfredii via coordinated metal acquisition and stress tolerance.,"Yang W, Zhu X, Zhang J, Chen Y, Liu S, Si T, Zhang L.",Journal of hazardous materials,2026-09-12,,10.1016/j.jhazmat.2026.143556,https://doi.org/10.1016/j.jhazmat.2026.143556,jasmon*; JA; microbiome*; cadmium; root; leaves; shoot*; growth,Europe PMC
Hormones,7.5,Integrated transcriptomic and metabolomic profiling reveals a JAZ-transcription factor network governing MeJA-induced flavonoid accumulation in Scutellaria barbata.,"Han X, Deng X, Hu Z, Wang Y, Fan Y, Su Z, Man X, Niu M, Dong S.",Frontiers in plant science,2026-08-28,,10.3389/fpls.2026.1928253,https://doi.org/10.3389/fpls.2026.1928253,signal transduction; jasmon*; JA; MeJA; hormone*; elicitor*; seed*,Europe PMC
Hormones,7.5,Abscisic acid metabolism to dehydrovomifoliol by Candidatus Liberibacter asiaticus and CLas-associated Flavobacterium strains CGRL1 and CGRL2.,"Yamada K, Fukushima A, Fujikawa T, Nakagawa H, Namba K, Fujiwara K.",Frontiers in microbiology,2026-09-15,,10.3389/fmicb.2026.1940325,https://doi.org/10.3389/fmicb.2026.1940325,abscisic acid; ABA; salicylic acid; hormone*; pathogen*; microbiota; growth; development,Europe PMC
Hormones,7.0,A single UV-C pulse modulates Gibberellin homeostasis and Plant Development in Arabidopsis.,"Pimenta Lange MJ, Martínez AC, Schwarze J, Lange T.",Journal of experimental botany,2026-09-21,,10.1093/jxb/erag480,https://doi.org/10.1093/jxb/erag480,signalling; gibberellin*; GA; GA4; flowering; growth; development,Europe PMC
Hormones,7.0,Rhizobial inoculation promotes glycyrrhizic acid production through jasmonic acid signaling in Glycyrrhiza uralensis.,"Yamamoto S, Shimomura A, Watanabe S, Hasan N, Suzuki A.",Journal of natural medicines,2026-09-15,,10.1007/s11418-026-02072-z,https://doi.org/10.1007/s11418-026-02072-z,signaling; jasmon*; JA; rhizobi*; root; growth; differentiation,Europe PMC
Hormones,7.0,Over‐Expression of AtATG8h Enhances Resistance Against Biotrophic Pathogens but Compromises Resistance Against Necrotrophic Pathogen in Arabidopsis,"Wang W‐X, Zhao Y‐T, Zhao H‐T, Zhang R, Lan H‐J, Liu X, Liu J‐Z.",Physiologia Plantarum,2026-01-01,,,https://europepmc.org/article/AGR/IND609463092,jasmon*; JA; salicylic acid; pathogen*; autophagy; CRISPR,Europe PMC
Hormones,7.0,Jasmonate biosynthesis regulates key events in barley vegetative and reproductive development,"Luo J, Liu L, Yang X, Doolan O, Duangta T, Lyon E, Griffin J, Shoesmith J, Wu W, Hamilton R, Nuter M, Katay‐Fodor M, Bricklebank N, Aberdein N, Zhang G, Turnbull C, Tucker MR, McKim SM",New Phytologist,2026-10-07,,10.1111/nph.71566,https://doi.org/10.1111/nph.71566,jasmon*; JA; MeJA; phytohormone*; flowering; embryo*; growth; development,Crossref
Hormones,6.5,MpILR1 Hydrolyzes Jasmonate-Amino Acid Conjugates to Activate dn- iso -OPDA Signaling in Marchantia polymorpha,"Liang, W., Zamarreno, A. M., Kaji, T., Tanaka, R., Suzuki, H., Ueda, M., Garcia-Mina, J. M., Solano, R., Chini, A.",bioRxiv,2026-09-25,yes,10.64898/2026.09.24.754050,https://doi.org/10.64898/2026.09.24.754050,signaling; auxin*; jasmon*; JA; phytohormone*; hormone*; defense,Europe PMC
Hormones,6.5,Research Progress on Seed Size of Brassica napus Seeds,"Wang J, Ashraf S, Han Y, Long X, Jiang W, Atar HH, Ahmad M, Ma L, Zhang Q.",Preprints.org,2026-09-23,yes,10.20944/preprints202609.2016.v1,https://doi.org/10.20944/preprints202609.2016.v1,signaling; auxin*; gibberellin*; GA; brassinosteroid*; hormone*; nutrient*; cell division; seed*; growth; development; CRISPR,Europe PMC
Hormones,6.5,Molecular and physiological mechanisms of drought tolerance in grapevine.,"Chen Y, Tu L, Luo Z.",Frontiers in plant science,2026-08-25,,10.3389/fpls.2026.1944974,https://doi.org/10.3389/fpls.2026.1944974,signaling; abscisic acid; ABA; hormone*; defense; drought; roots; leaves; stems; stoma*; segmentation; CRISPR,Europe PMC
Hormones,6.5,Cytokinin Mediates Photosynthesis and Senescence Action Through CHLOROPLAST IMPORT APPARATUS 2 (CIA2) and CIA2-like (CIL),"Khanna, R. R., Singh, S., Berka, M., Crowell, S., Hass, P., Sanz-Saez, A., Cerny, M., Rashotte, A.",bioRxiv,2026-10-02,yes,10.64898/2026.09.30.755754,https://doi.org/10.64898/2026.09.30.755754,signaling; cytokinin*; hormone*; nuclear; chloroplast*; leaf,Europe PMC
Hormones,6.5,Nitric oxide and hydrogen gas synergistically promote adventitious rooting in cucumber: insights from transcriptomic and physiological analyses.,"Deng Y, Jiao J, Li J, Kong Y, Liao W.",Planta,2026-09-18,,10.1007/s00425-026-05158-w,https://doi.org/10.1007/s00425-026-05158-w,H2O2; kinase*; signaling; ethylene; brassinosteroid*; phytohormone*; hormone*; stress respon*; root; root development; development,Europe PMC
Hormones,6.5,A three-threshold gibberellin model defines tunable uncoupling of male fertility and growth to facilitate maize hybrid seed production.,"Xu R, Yin X, Qiu K, Li J, Li L, Zhou J, Li H, Dang X, Xu W, Zhang J, Xie B, Si W, Feng Y, Ren Z, Zhao Z, Wei P, Cheng B, Li Y, Jiang H, Jiang P.",Plant communications,2026-09-18,,10.1016/j.xplc.2026.102117,https://doi.org/10.1016/j.xplc.2026.102117,gibberellin*; GA; hormone*; cell elongation; seed*; growth; development,Europe PMC
Hormones,6.5,High Humidity or Addition of ABA Compensates for dspEF Deletion Mutation in Pectobacterium carotovorum,"Joshi JR, Niroula D, Hogan C, Charkowski AO.",Plant Disease,2026-07-01,,,https://europepmc.org/article/AGR/IND609525967,apoplast*; signaling; abscisic acid; ABA; effector*; Pseudomonas syringae; flooding; cell wall*; leaf; leaves; stoma*,Europe PMC
Hormones,6.5,The circadian clock component OsRVE6a orchestrates daytime SA-JA signaling crosstalk to enhance rice defenses.,"Li J, Li TY, Zhuang Y, Lin KW, Hu HQ, Yang MK, Wang LP, Zeng J, Yan J, Chen L, Huang W.",Plant communications,2026-09-24,,10.1016/j.xplc.2026.102122,https://doi.org/10.1016/j.xplc.2026.102122,signaling; receptor*; jasmon*; JA; salicylic acid; hormone*; immun*; defense,Europe PMC
Hormones,6.5,Ethylene signaling negatively regulates rapeseed resistance to Plasmodiophora brassicae.,"Chen J, Zhang D, Liu Y, Jin P, Zhang H, Luo S, Zhang H.",Journal of experimental botany,2026-09-11,,10.1093/jxb/erag455,https://doi.org/10.1093/jxb/erag455,signaling; auxin*; IAA; cytokinin*; ethylene; CRISPR,Europe PMC
Hormones,6.5,Intercalation of organic compounds in layered copper-hydroxide for electrochemical sensor phytohormone in plants.,"Su L, Chen X, Qin W, Meng C, Tang M, Ge Y, Liu X, Bin D, Lu H, Yang B.",Talanta,2026-09-09,,10.1016/j.talanta.2026.130575,https://doi.org/10.1016/j.talanta.2026.130575,IAA; salicylic acid; phytohormone*; leaf; leaves; seed*; microscop*,Europe PMC
Hormones,6.5,Combinatorial Metabolic and Process Engineering for Enhanced GA4+7 Production and Tunable GA4/GA7 Ratio in Fusarium fujikuroi.,"Jia JW, Zhang ZB, Li MH, Ma QY, Tan LJ, Li HY, Huang ZQ, Cen YK, Liu ZQ, Zheng YG.",Biotechnology and bioengineering,2026-09-14,,10.1002/bit.70380,https://doi.org/10.1002/bit.70380,pH; gibberellin*; GA; GA3; GA4; phytohormone*; growth,Europe PMC
Hormones,6.5,Functional Characterization and Promoter Analysis of a MeJA-Responsive Squalene Synthase Gene CpSQS from Cyclocarya paliurus (Batal.) Iljinsk.,"Chen J, Xia Q, Dong Y, Pan Y, Lv Q, Huang J, Zhang S, Dong X, Chen X.",International journal of molecular sciences,2026-09-21,,10.3390/ijms27188432,https://doi.org/10.3390/ijms27188432,MAPK*; signaling; jasmon*; MeJA; hormone*; leaf; leaves,Europe PMC
Hormones,6.5,The Protein Response Mechanism of Adventitious Root Formation About Scaly Branches in Platycladus orientalis,"Zhang Y, Liao T, Guo L, Zhao S, Qu K, Zhang X, Li N, Liu G.",Physiologia Plantarum,2026-01-01,,,https://europepmc.org/article/AGR/IND609487796,auxin*; IAA; abscisic acid; ABA; gibberellin*; GA; cytokinin*; hormone*; root; seed*,Europe PMC
Hormones,6.0,Epigenetic Regulation of Cotton Plant Height by Histone Acetyltransferase GhHAT11 via Hormonal Pathway Modulation.,"Zhang X, Zhong X, Li Y, Liusui Y, Fu W, Wang Z, Huang G, Zhang J, Guo Y, Li B.",Physiologia plantarum,2026-09-01,,10.1111/ppl.71112,https://doi.org/10.1111/ppl.71112,signaling; auxin*; gibberellin*; GA; cytokinin*; hormone*; stems; development,Europe PMC
Hormones,6.0,Genome-wide analysis of the mango YUCCA family and overexpression of MiYUCCA10A/B confers early flowering and stress tolerance in transgenic Arabidopsis and tomato.,"He Z, Hu W, Qin L, Huang C, Li R, Xu F, Xie F, Luo C, He X.",Plant cell reports,2026-09-24,,10.1007/s00299-026-03981-9,https://doi.org/10.1007/s00299-026-03981-9,auxin*; IAA; phytohormone*; hormone*; drought; flowering; seed*; growth; development,Europe PMC
Hormones,6.0,The Histone Methyltransferase OsSET37 Positively Regulates Rice Seed Vigor.,"Xi X, Ma S, Yu L, Liu Y, He Q, Cai H, Qin Y, Liu L.",Physiologia plantarum,2026-09-01,,10.1111/ppl.71105,https://doi.org/10.1111/ppl.71105,signaling; abscisic acid; ABA; gibberellin*; GA; hormone*; drought; stress respon*; seed*; germination; growth,Europe PMC
Hormones,6.0,Pangenomic characterization and grain-development expression analysis of the OVATE gene family in sorghum.,"Gao Y, Yang P, Han Y, Yang W, Xiang X, Chang J.",Frontiers in plant science,2026-09-17,,10.3389/fpls.2026.1926574,https://doi.org/10.3389/fpls.2026.1926574,IAA; ABA; MeJA; hormone*; seed*; development; morphogen*,Europe PMC
Hormones,6.0,Homoeologous exchange-associated ABA catabolism rewiring contributes to salinity tolerance in a synthetic tetraploid rice.,"Zhang B, Zhu T, Li G, Ma S, An D, Cui C, Tan Y, Xu C, Wu Y, Liu B.",Plant cell reports,2026-09-22,,10.1007/s00299-026-03987-3,https://doi.org/10.1007/s00299-026-03987-3,abscisic acid; ABA; salinity,Europe PMC
Hormones,6.0,Plant Developmental Reprogramming by Hymenopteran Gall Wasps: From Biochemical Signals to Molecular Mechanisms.,"Kamran M, Mishra P, Sun JB, Hu J, Li YH, Liu JY, Sopha GA, He XZ, Zheng XL.","Plant, cell & environment",2026-09-07,,10.1111/pce.70869,https://doi.org/10.1111/pce.70869,signaling; auxin*; cytokinin*; effector*; defense; nutrient*; growth; development; differentiation,Europe PMC
Hormones,6.0,Integrative transcriptomic and metabolomic analyses of the drought response mechanisms of stem spines in desert plants from the Ebinur Lake.,"Wang M, Li W, Wang H, Lv G, Li J.",Frontiers in plant science,2026-08-24,,10.3389/fpls.2026.1911473,https://doi.org/10.3389/fpls.2026.1911473,auxin*; IAA; brassinosteroid*; drought; stem,Europe PMC
Hormones,6.0,Salicylic acid exerts effects on regulating flower bud differentiation and nutrient contents in red radish.,"Zhang Y, Qiang L, Chen D, Fu Y.",Frontiers in plant science,2026-09-01,,10.3389/fpls.2026.1914554,https://doi.org/10.3389/fpls.2026.1914554,IAA; GA; GA3; salicylic acid; hormone*; nutrient*; leaf; flowering; differentiation,Europe PMC
Hormones,6.0,Comprehensive Identification and Integrated Analysis of the PR1 and PR10 Gene Families in Ginseng: PgPR1-5 and PgPR10-8 Gene Expression Analysis in Response to MeJA.,"Zhang K, Feng J, Fan M, Zhang Y, Zhao M, Zhang M, Wang Y, Zhu L, Wang K.","Life (Basel, Switzerland)",2026-08-30,,10.3390/life16091446,https://doi.org/10.3390/life16091446,jasmon*; MeJA; hormone*; pathogen*; defense; stress respon*; root,Europe PMC
Kinases and signal transduction,25.5,Receptor-like kinase-mediated cell wall integrity signaling in plant environmental stress responses.,"Manda T, Hwarari D, Dzinyela R.",Planta,2026-09-25,,10.1007/s00425-026-05174-w,https://doi.org/10.1007/s00425-026-05174-w,calcium; ROS; reactive oxygen species; kinase*; receptor-like kinase*; RLK*; phosphoryl*; signal transduction; signaling; receptor*; immun*; MAMP*; DAMP*; defense; stress respon*; cell wall*; plasma membrane; growth,Europe PMC
Kinases and signal transduction,17.5,"PSKR: An LRR-RLK, enhances oxidative stress tolerance by modulating ROS-driven stomatal closure.","Yadav N, Jain A, Nagar P, Rakhi R, Shekhawat A, Mustafiz A.",Plant science : an international journal of experimental plant biology,2026-09-08,,10.1016/j.plantsci.2026.113436,https://doi.org/10.1016/j.plantsci.2026.113436,ROS; hydrogen peroxide; kinase*; receptor-like kinase*; RLK*; signaling; receptor*; ubiquitin*; stress respon*; plasma membrane; stoma*; guard cell*,Europe PMC
Kinases and signal transduction,15.5,Receptor-Like Kinase ZmRLK9 Functions as an Upstream ABA Signaling Factor Conferring Drought Resilience in Maize.,"Wu H, Zhang Z, Yang S, Huang Q, Ye S, Qin N, Zhao B, Wang Y, Wang Z, He J, Wang M, Xiao Y, Yang Z, Liu S, Qin F.",Molecular plant,2026-09-23,,10.1016/j.molp.2026.09.010,https://doi.org/10.1016/j.molp.2026.09.010,kinase*; receptor kinase*; receptor-like kinase*; phosphoryl*; signaling; receptor*; abscisic acid; ABA; phytohormone*; drought; plasma membrane; flowering; seed*,Europe PMC
Kinases and signal transduction,13.0,Rice blast fungus hijacks a rice RALF peptide to initiate infection,"Fukada, F., Fujii, S., Konishi, N., Furuta, T., Hino, Y., Sebastian, A., Shimizu, M., Harada, Y., Arazoe, T., Galis, I., Asuke, S., Decker, F.-F., Guo, T., Ono, N., Nishimura, H., Cao, W., Kloos, M., Minato, H., Suzuki, D., Wang, P., Kawano, Y.",bioRxiv,2026-10-01,yes,10.64898/2026.09.30.754903,https://doi.org/10.64898/2026.09.30.754903,MAPK*; peptide hormone*; RALF*; hormone*; immun*; pathogen*; defense; stress respon*; cell wall*; plasma membrane; epiderm*; development,Europe PMC
Kinases and signal transduction,13.0,A fungal effector hijacks conserved plant GSK3-like kinases to reprogram host cell identity,"Khan, M., Szandtner, A. P., Bahrami, P., Liu, H., Langen, G., Zuccaro, A., Yang, B., Djamei, A.",bioRxiv,2026-09-17,yes,10.64898/2026.09.15.751668,https://doi.org/10.64898/2026.09.15.751668,kinase*; phosphoryl*; signaling; auxin*; brassinosteroid*; effector*; pathogen*; cell division; cell expansion; stoma*; epiderm*; growth; differentiation,Europe PMC
Kinases and signal transduction,13.0,Plant Peptide Hormones: Three Decades of Discovery and Emerging Paradigms.,Torii KU.,Plant physiology,2026-09-23,,10.1093/plphys/kiag699,https://doi.org/10.1093/plphys/kiag699,kinase*; receptor-like kinase*; RLK*; signal transduction; signaling; receptor*; peptide hormone*; hormone*; immun*; embryo*; epiderm*; growth; development,Europe PMC
Kinases and signal transduction,12.0,Exogenous γ-aminobutyric acid mitigates physiological and transcriptomic responses of Prunus mongolica under combined alkali salt and cadmium stress.,"Wang G, Wang L, Li X, Cao L, Zhang Y, Wang H, Zhang X, Ren Z, Zhang Y, Wang Y.",Frontiers in plant science,2026-08-25,,10.3389/fpls.2026.1927917,https://doi.org/10.3389/fpls.2026.1927917,reactive oxygen species; MAPK*; signal transduction; signaling; hormone*; pathogen*; cadmium; stress respon*; peroxisom*; root; seed*; germination; growth,Europe PMC
Kinases and signal transduction,11.5,A LysM receptor-like kinase TaLYK5 positively regulates wheat resistance to leaf rust.,"He F, Wang R, Li H, Zhao R, Gao N, Zhu Y, Li X, Zhao Y, Liu M.",Plant science : an international journal of experimental plant biology,2026-10-01,,10.1016/j.plantsci.2026.113478,https://doi.org/10.1016/j.plantsci.2026.113478,kinase*; receptor-like kinase*; receptor*; immun*; PTI; chitin; leaf,Europe PMC
Kinases and signal transduction,11.5,Drought-mitigation of Verticillium longisporum colonization in Brassica napus is associated with transcriptome and DNA methylation reprogramming.,"Kashyap S, Kaur G, Walkowiak S, Cale N, Masand M, Stasolla C, Chawla H.",Plant science : an international journal of experimental plant biology,2026-09-25,,10.1016/j.plantsci.2026.113471,https://doi.org/10.1016/j.plantsci.2026.113471,apoplast*; kinase*; receptor-like kinase*; signalling; receptor*; ethylene; hormone*; pathogen*; defence; drought; stress respon*; cell wall*; hypocotyl*,Europe PMC
Kinases and signal transduction,11.5,FERONIA phosphorylates the amino-terminal extension of phytochrome B to modulate plant light and temperature responses.,"Wang P, Du J, He J, Li Z, Walley JW, Chen M, Guo H.",Proceedings of the National Academy of Sciences of the United States of America,2026-09-09,,10.1073/pnas.2617902123,https://doi.org/10.1073/pnas.2617902123,kinase*; receptor kinase*; phosphoryl*; signaling; receptor*; FERONIA; stress respon*; nuclear; hypocotyl*; growth,Europe PMC
Kinases and signal transduction,10.5,An LRR co-receptor kinase essential for systemic nitrogen-demand signalling.,"Ogawa-Ohnishi M, Nomura T, Hayashi Y, Yamashita Y, Noda S, Suda R, Ohkubo Y, Matsubayashi Y.",Nature plants,2026-09-08,,10.1038/s41477-026-02391-9,https://doi.org/10.1038/s41477-026-02391-9,kinase*; receptor kinase*; signalling; receptor*; nitrate; root; roots; leaf; phloem; shoot*,Europe PMC
Kinases and signal transduction,10.5,Dual regulation of the receptor-like kinase BIR1 involves site-directed transcript cleavage and 5'-leader-mediated translational control.,"Guzmán-Benito I, Robinson C, Donaire L, Fernández-Calvino L, Franco-Zorrilla JM, Niu R, Xu G, Merchante C, Llave C.",PLoS pathogens,2026-09-15,,10.1371/journal.ppat.1014571,https://doi.org/10.1371/journal.ppat.1014571,kinase*; receptor kinase*; receptor-like kinase*; receptor*; brassinosteroid*; immun*; stress respon*,Europe PMC
Kinases and signal transduction,10.5,Cultivar-specific physiological and proteomic patterns underlying mango susceptibility to bacterial black spot disease.,"Xie X, Li D, Hou X, Ouyang Q, Zhu Z, Li X, Yang Z, Hussain M.",Frontiers in plant science,2026-08-25,,10.3389/fpls.2026.1911657,https://doi.org/10.3389/fpls.2026.1911657,hydrogen peroxide; kinase*; receptor-like kinase*; MAPK*; signaling; receptor*; hormone*; immun*; pathogen*; Xanthomonas; defense; leaves; development,Europe PMC
Kinases and signal transduction,10.0,Regulatory Role of Ubiquitin‐Proteasome System in Plant Responses to Drought Stress,"Yan S, Huang Y, Zeng Y, Lei D, Zhang X.",Physiologia Plantarum,2026-01-01,,,https://europepmc.org/article/AGR/IND609463097,kinase*; MAPK*; signaling; ubiquitin*; abscisic acid; ABA; jasmon*; JA; drought; stress respon*,Europe PMC
Kinases and signal transduction,10.0,Salicylic acid engages central metabolic regulators SnRK1 and TOR to govern immunity by differential phosphorylation of NPR1.,"Chen Y, Withers J, Sun Y, Chen T, Karapetyan S, Draken J, Xiang Y, Yuan Y, He Y, Dröge-Laser W, Weng JK, Dong X.",Cell,2026-09-30,,10.1016/j.cell.2026.09.011,https://doi.org/10.1016/j.cell.2026.09.011,kinase*; phosphoryl*; signaling; salicylic acid; immun*; pathogen*; defense; nutrient*; growth,Europe PMC
Kinases and signal transduction,9.5,CARK3 Interacts with OST1 to Regulate Stomatal Immunity in Arabidopsis,"Yu Q, Chen L, Liu J, Yang Y, Li X.",Phytopathology®,2025-11-01,,,https://europepmc.org/article/AGR/IND609521716,reactive oxygen species; kinase*; MPK3; MPK6; phosphoryl*; signaling; immun*; Pseudomonas syringae; stoma*,Europe PMC
Kinases and signal transduction,9.5,BpSRK1-mediated phosphorylation of BpERF3 relieves HDA6-dependent chromatin repression to enhance drought tolerance in birch.,"Wang Z, He Z, Zhang X, Liu Z, Gao C, Song X, Wang Y.",The New phytologist,2026-10-02,,10.1111/nph.71624,https://doi.org/10.1111/nph.71624,reactive oxygen species; kinase*; phosphoryl*; signaling; immun*; drought; stress respon*; CRISPR,Europe PMC
Kinases and signal transduction,9.5,Cloning and functional analysis of downy mildew resistance gene RPF1 in spinach (Spinacia oleracea L.).,"Wu H, Liu Z, Xu Z, Zhang H, Wang H, She H, Qian W.",Plant physiology and biochemistry : PPB,2026-09-19,,10.1016/j.plaphy.2026.111762,https://doi.org/10.1016/j.plaphy.2026.111762,kinase*; receptor-like kinase*; MAPK*; signaling; receptor*; immun*; NLR*; pathogen*; defense; nucleus,Europe PMC
Kinases and signal transduction,9.5,p38 MAPK-associated autophagic response restrains TLR4/MyD88 signaling in RT-treated macrophages.,"Song S, Dong M, Sun C, Zhao N, Huo M, Lv C, Wang Y, Xu N, Xu Y, Liu W.",Toxicon : official journal of the International Society on Toxinology,2026-10-01,,10.1016/j.toxicon.2026.109314,https://doi.org/10.1016/j.toxicon.2026.109314,MAPK*; phosphoryl*; signaling; immun*; stress respon*; vacuol*; autophagy; microscop*,Europe PMC
Kinases and signal transduction,8.5,Artificial intelligence-based structural modeling of PSTOL1 receptor kinases in rice and sorghum.,"Viana MJA, Martins NF, Cintra LC, Barros BA, Minardi RCM, Magalhaes JV.",Frontiers in plant science,2026-09-07,,10.3389/fpls.2026.1850847,https://doi.org/10.3389/fpls.2026.1850847,kinase*; receptor kinase*; receptor-like kinase*; RLK*; signaling; receptor*; deep learning,Europe PMC
Kinases and signal transduction,8.5,The PP2A phosphatase associates with the Arabidopsis TRAPPII tethering complex and dephosphorylates a TRAPPII-derived phosphopeptide in vitro,"Strohmayr A, Steiner A, Wiese C, Abele M, Facher E, Altmann M, Belcram K, Falter-Braun P, Ludwig C, Pastuglia M, Bouchez D, Assaad FF.",bioRxiv,2026-09-07,yes,10.64898/2026.09.03.749138,https://doi.org/10.64898/2026.09.03.749138,kinase*; phosphoryl*; phosphatase*; signalling; Golgi; trafficking; growth; development,Europe PMC
Kinases and signal transduction,8.5,Cell-based CRISPRa screen identifies a papillae-specific receptor kinase mediating broad-spectrum fungal resistance in rice.,"Wang FZ, Bao Y, Qiu J, Chen MX, Jiang H, Li Z, Xiong X, Jiang X, Kou Y, Li JF.",Nature plants,2026-09-07,,10.1038/s41477-026-02385-7,https://doi.org/10.1038/s41477-026-02385-7,kinase*; receptor kinase*; receptor*; defence; leaf; epiderm*; growth; CRISPR,Europe PMC
Kinases and signal transduction,8.5,A disulfide bond sculpts the CTNIP4 phytocytokine fold for recognition by the receptor kinase HSL3.,"Jiménez-Sandoval P, Johanndrees O, Snoeck S, Harshith CY, Omary M, Broyart C, Rhodes J, Bender KW, Zipfel C, Santiago J.",Nature plants,2026-09-17,,10.1038/s41477-026-02380-y,https://doi.org/10.1038/s41477-026-02380-y,kinase*; receptor kinase*; signalling; receptor*; immun*; development,Europe PMC
Kinases and signal transduction,8.5,Brassinosteroid receptors reveal conserved features of exon-embedded gene regulation,"Denia-Mondejar, R., Brunot-Garau, P., Ma, X., Serrano-Mislata, A., Dolores Gomez, M., Latrasse, D., Benhamed, M., Hardtke, C. S., Blanco-Tourinan, N.",bioRxiv,2026-09-23,yes,10.64898/2026.09.21.753065,https://doi.org/10.64898/2026.09.21.753065,kinase*; receptor kinase*; receptor*; brassinosteroid*; root; root growth; growth; development,Europe PMC
Kinases and signal transduction,8.5,Epigenetic regulation of cell wall-associated WAK1 by HDC1 promotes iron remobilization under Fe-limited conditions.,"Zhu H, Shi H, Liu Y, Ahmad HI, Yang J.",Plant physiology,2026-09-11,,10.1093/plphys/kiag680,https://doi.org/10.1093/plphys/kiag680,apoplast*; kinase*; receptor kinase*; signaling; receptor*; ubiquitin*; stress respon*; cell wall*; shoot*; development,Europe PMC
Kinases and signal transduction,8.0,PlantLRR-PRR: A Reproducible Annotation Pipeline Reveals Contrasting Evolution of Developmental and Defense Receptor-Like Proteins in Tomato,"JALAHALLI RANGEGOWDA, N., Stam, R.",bioRxiv,2026-09-10,yes,10.64898/2026.09.08.750299,https://doi.org/10.64898/2026.09.08.750299,kinase*; receptor-like kinase*; RLK*; receptor*; PRR*; pathogen*; defense; growth; development,Europe PMC
Kinases and signal transduction,8.0,Engineering of a plant ribosylated nucleotide immune second messenger,"Cheng S, Strippel J, Locci F, Mandel A, Chalikiopoulou M, Domnick C, Klupsch K, Lee T, Nguyen MT, Perin S, Aziz S, Bautor J, Kath-Schorr S, Parker J.",Research Square,2026-09-22,yes,10.21203/rs.3.rs-10080789/v1,https://doi.org/10.21203/rs.3.rs-10080789/v1,receptor*; second messenger*; immun*; pathogen*; defence; growth,Europe PMC
Kinases and signal transduction,7.5,Stigmatic papilla cells recover nonself pollen acceptance after self-pollen recognition,"Inoue, Y., Fujii, S.",bioRxiv,2026-09-14,yes,10.64898/2026.09.10.750793,https://doi.org/10.64898/2026.09.10.750793,kinase*; receptor kinase*; signaling; receptor*; actin; germination; live imaging,Europe PMC
Kinases and signal transduction,7.5,Post-Translational Control of Nitrate Reductase Under Elevated CO2 in Solanum lycopersicum: Carbon-Nitrogen Signaling and Photosynthetic Acclimation.,"Sahoo A, Meena M.","Plants (Basel, Switzerland)",2026-08-31,,10.3390/plants15172663,https://doi.org/10.3390/plants15172663,H2O2; phosphoryl*; signaling; ABA; nitrate; root; leaf; stoma*,Europe PMC
Kinases and signal transduction,7.5,OsMAP4K5 is an Upstream Activator of OsMKKK28 in Abscisic Acid Signalling in Rice.,"Ren N, Ju H, Yang X, Fu D, Shen T, Ni L, Jiang M.","Plant, cell & environment",2026-09-21,,10.1111/pce.70896,https://doi.org/10.1111/pce.70896,kinase*; MAPK*; phosphoryl*; signalling; abscisic acid; ABA,Europe PMC
Kinases and signal transduction,7.5,Disulfide-bond-driven neck-ring-like conformation mediates SCREW recognition in plant immunity.,"Wang Z, Wan L, Tang S, Wang X, Yang Y, Wu H, Zhang S, Yu X, Xu S.",Nature plants,2026-09-17,,10.1038/s41477-026-02377-7,https://doi.org/10.1038/s41477-026-02377-7,kinase*; receptor kinase*; signalling; receptor*; brassinosteroid*; immun*; defense,Europe PMC
Kinases and signal transduction,7.5,QTL Mapping for Leaf Rust Resistance in a Wheat Recombinant Inbred Line Population of Liang66-S/Hengmai28.,"Bo C, Pang C, Meng X, Li D, Zhao M, Shen C, Li Q, Qiao W.","Plants (Basel, Switzerland)",2026-08-31,,10.3390/plants15172684,https://doi.org/10.3390/plants15172684,calcium; kinase*; receptor-like kinase*; receptor*; ethylene; defense; leaf,Europe PMC
Kinases and signal transduction,7.5,Leucine-Rich Repeat Receptor-Like Kinases Are Important Regulators of Cold Tolerance in Sainfoin,"Chu M, Wang Y, Nan Z, Lei L.",Research Square,2026-10-01,yes,10.21203/rs.3.rs-11067401/v1,https://doi.org/10.21203/rs.3.rs-11067401/v1,reactive oxygen species; kinase*; receptor-like kinase*; RLK*; signaling; receptor*; hormone*; cold stress; stress respon*; leaves; seed*; growth,Europe PMC
Kinases and signal transduction,7.0,A Plant Growth‐Promoting Fungus Cladosporium sphaerospermum Attenuates Cadmium Stress in Wheat via Gene Expression and Metabolite Production,"He Y, Qiu K, Zhang W, Duan X, Zhao S, Qiu Z, Zhu M.",Physiologia Plantarum,2026-01-01,,,https://europepmc.org/article/AGR/IND609487789,MAPK*; phosphoryl*; signal transduction; hormone*; cadmium; seed*; growth; development,Europe PMC
Kinases and signal transduction,7.0,Identifying D-Group Mitogen-Activated Protein Kinases as Substrates of Arabidopsis Tyrosine Phosphatase RLPH2 Using Phospho-Tyrosine Peptide Enrichment.,"Labandera AM, Kurucz B, Uhrig RG, Moorhead GB.",Bio-protocol,2026-09-05,,10.21769/bioprotoc.5810,https://doi.org/10.21769/bioprotoc.5810,kinase*; phosphoryl*; phosphatase*; immun*,Europe PMC
Kinases and signal transduction,7.0,gsGNA: A Universal Pipeline for Mining Plant Stress-Resistance Regulators,"Chen Z, Zan Z, Lu Q, Wang J, Zhu J, Zhao Q, Wang P, Hu Z, Fan S, Wei X, Zhang J.",Research Square,2026-10-06,yes,10.21203/rs.3.rs-11125843/v1,https://doi.org/10.21203/rs.3.rs-11125843/v1,MAPK*; signal transduction; signaling; hormone*; cold stress; stress respon*; deep learning; machine learning,Europe PMC
Kinases and signal transduction,7.0,Comparative Secretome Profiling of Arabidopsis Seedlings Under Pi Starvation Unveils the Regulatory Role of PHR1.,"Xu R, Xie J, Duan X, Liu P, Zheng X, Li X, Jiang S, Wang W, Cai X, Ge S, Liu Y, Su Y.","Plants (Basel, Switzerland)",2026-09-15,,10.3390/plants15182826,https://doi.org/10.3390/plants15182826,phosphatase*; signaling; immun*; defense; phosphate starvation; nutrient*; seed*; growth,Europe PMC
Kinases and signal transduction,7.0,A UDP-glycosyltransferase gene enhances resistance to Fusarium avenaceum in red clover,"Jambagi S, Gutierrez-Diaz A, Dixelius C.",Research Square,2026-09-16,yes,10.21203/rs.3.rs-10825234/v1,https://doi.org/10.21203/rs.3.rs-10825234/v1,kinase*; receptor-like kinase*; RLK*; receptor*; pathogen*; defense; root; leaves,Europe PMC
Kinases and signal transduction,6.5,Assessing the relative contributions of different Arabidopsis thaliana stigma factors to pollen hydration.,"Chadic PKS, Liu RKM, Goring DR.",Plant reproduction,2026-09-17,,10.1007/s00497-026-00547-3,https://doi.org/10.1007/s00497-026-00547-3,mechanosens*; kinase*; receptor kinase*; receptor*; germination,Europe PMC
Kinases and signal transduction,6.5,Thermosensor OsTT3.1 enhances rice thermotolerance by degrading OsGSK2 to reduce OsHsfB2c phosphorylation and nuclear translocation.,"Hou J, Yang J, Chen T, Zhao Y, Tu D, Guo Z, Yang M, Wang Z, Zeng Y, Zhang N, Li L.",Proceedings of the National Academy of Sciences of the United States of America,2026-09-30,,10.1073/pnas.2613911123,https://doi.org/10.1073/pnas.2613911123,kinase*; phosphoryl*; ubiquitin*; defense; heat stress; stress respon*; nuclear,Europe PMC
Kinases and signal transduction,6.5,AtMPK1/AtMPK2 Interact with AtVQ25 to Enhance Its Protein Stability and Coordinately Regulate Salicylic Acid-Mediated Leaf Senescence.,"Tan Q, Zhang M, Song Y, Yin P, Li K, Meng X, Wang G, Zhou C.","Plants (Basel, Switzerland)",2026-09-06,,10.3390/plants15172726,https://doi.org/10.3390/plants15172726,kinase*; phosphoryl*; salicylic acid; immun*; leaf,Europe PMC
Kinases and signal transduction,6.0,Trans-2-hexenal priming supports HSFA2-independent thermotolerance in Arabidopsis thaliana.,"Barbaruah BR, Oshima K, Vaddi BR, Ito H.",Journal of plant research,2026-09-20,,10.1007/s10265-026-01755-8,https://doi.org/10.1007/s10265-026-01755-8,MAPK*; signaling; immun*; hypoxia; leaf; seed*,Europe PMC
Kinases and signal transduction,6.0,Fine mapping of qSSISFH8.1 locus for reproductive stage salinity tolerance and development of an indel marker for breeding application in rice,"Bhowmick R, Tiwari S, Krishnamurthy S, Yadav N, Rai V, Lokeshkumar B, Sharma P, Singh N.",Euphytica,2026-06-01,,,https://europepmc.org/article/AGR/IND609499363,kinase*; receptor kinase*; receptor*; brassinosteroid*; salinity; seed*; growth; development,Europe PMC
Kinases and signal transduction,6.0,Transcriptomic Analysis Reveals the Regulatory Network of Allyl Isothiocyanate Induced Insect Defense in Pakchoi,"Wu Y, Zhang Y, Zhao Y, Liu Y, Zhu Z, Zhang B, Yang J.",Physiologia Plantarum,2026-01-01,,,https://europepmc.org/article/AGR/IND609463125,signal transduction; signaling; receptor*; jasmon*; JA; hormone*; immun*; defense,Europe PMC
Kinases and signal transduction,6.0,Comparative Transcriptomic Analysis Provides Insights into PSK-α-Mediated Regulation of Diosgenin Biosynthesis in Trigonella foenum-graecum.,"Xu C, Zhan H, Mehraliyeva M, Liu H, Zheng M, Li C, Zhang Y.","Molecules (Basel, Switzerland)",2026-08-30,,10.3390/molecules31173046,https://doi.org/10.3390/molecules31173046,MAPK*; signaling; peptide hormone*; hormone*; stress respon*; seed*; growth; development,Europe PMC
Kinases and signal transduction,6.0,Mast Cell-Microglia Crosstalk Drives Aberrant Synaptic Pruning Through PAR-2/MAPK/NF-κB Signaling in Neonatal Hypoxic-Ischemic Encephalopathy.,"Yang Y, Cai D, Yu J, Zhu Y, Huang Y, Lin Y, Teng C, Wei J, Lin Y, Dai D, Xue F, Chen A, Zheng X, Chen X.",CNS neuroscience & therapeutics,2026-10-01,,10.1002/cns.71189,https://doi.org/10.1002/cns.71189,MAPK*; phosphoryl*; signaling; immun*,Europe PMC
"Methods: imaging, biosensors, microfluidics",14.5,Live Imaging of Grass Roots Growth Dynamics Using Microfluidics.,"Levenets L, Kralík D, Brykov V, Fendrych M.","Methods in molecular biology (Clifton, N.J.)",2027-01-01,,10.1007/978-1-0716-5603-7_6,https://doi.org/10.1007/978-1-0716-5603-7_6,pH; root; roots; root growth; growth; microfluidic*; live imaging,Europe PMC
"Methods: imaging, biosensors, microfluidics",12.0,Intronised fluorophores improve reporter output and biosensor expression in plants,"Samwald, S., Schreiber, T., Andersen, T. G.",bioRxiv,2026-09-22,yes,10.64898/2026.09.21.753201,https://doi.org/10.64898/2026.09.21.753201,abscisic acid; ABA; immun*; nuclear; root; root tip*; biosensor*; genetically encoded,Europe PMC
"Methods: imaging, biosensors, microfluidics",12.0,A protoplast-based method to visualize early cell biological events in plant cellular reprogramming and regeneration.,"Reed KM, Masri AA, Hanrahan AJ, Ng EL, Li M, Bargmann BOR.","Development (Cambridge, England)",2026-09-15,,10.1242/dev.205715,https://doi.org/10.1242/dev.205715,signaling; hormone*; Golgi; microtubul*; organelle*; development; live imaging; light-sheet; confocal; microscop*; single-cell,Europe PMC
"Methods: imaging, biosensors, microfluidics",10.0,Segment Any Plant (SAP): Foundation-Model Segmentation for Plant Time-Series Phenotyping.,"Abbey A, Meroz Y.",Journal of experimental botany,2026-09-25,,10.1093/jxb/erag467,https://doi.org/10.1093/jxb/erag467,root; root growth; gravitrop*; growth; development; confocal; microscop*; segmentation; deep learning,Europe PMC
"Methods: imaging, biosensors, microfluidics",9.5,Tangential single-cell spatial transcriptomics resolves early ray lineage trajectory in poplar.,"Qi C, Ding R, Zhao R, Khalid S, Yang S, Pei Z, Li C, Mei L, Zhang J, Dang L, Luo J, Wang J, Shi C, Wang Y, Bao M, Li Q, Zheng B, Shi X.",The Plant cell,2026-09-01,,10.1093/plcell/koag275,https://doi.org/10.1093/plcell/koag275,nuclear; stem; cambium; xylem; stem cell*; growth; development; single-cell; spatial transcriptom*,Europe PMC
"Methods: imaging, biosensors, microfluidics",9.0,A spatiotemporal single-cell transcriptomic atlas reveals fertilization-induced auxin signaling driving strawberry fruit set and development.,"Ma Z, Zhang M, Tian G, Li W, Zhang Y, Liang X, Gao S, Zhao X, Zhu C, Guo Y, Kang C, Lian H, Xu P, Yu J, Liu T, Xiao W, Li L, Liu Z, Han X, Zhou J.",Nature communications,2026-09-23,,10.1038/s41467-026-77874-6,https://doi.org/10.1038/s41467-026-77874-6,signaling; auxin*; PIN\d+; nucleus; development; morphogen*; single-cell; spatial transcriptom*; CRISPR,Europe PMC
"Methods: imaging, biosensors, microfluidics",8.0,PlantCCC prioritizes context-specific candidate ligand-receptor communication patterns in plant spatial transcriptomics.,"Zhi D, Wang L, Guan X, Chen W, Chen K.",Plant molecular biology,2026-09-07,,10.1007/s11103-026-01758-y,https://doi.org/10.1007/s11103-026-01758-y,signaling; receptor*; cell wall*; plasmodesmat*; stem; development; spatial transcriptom*,Europe PMC
"Methods: imaging, biosensors, microfluidics",7.5,Advances in single-cell and spatial multi-omics for plant development and stress responses.,"Xu P, Wang B, Hu Y, Qiong, Zhang T.",Plant diversity,2026-08-01,,10.1016/j.pld.2026.07.015,https://doi.org/10.1016/j.pld.2026.07.015,stress respon*; cell wall*; nucleus; development; single-cell; spatial transcriptom*,Europe PMC
"Methods: imaging, biosensors, microfluidics",7.5,Cell-type-specific alkaloid and terpenoid biosynthesis in glandular trichomes: single-cell and spatial transcriptomic perspectives.,"Wei H, Zhang H, Wang J, Wei J, Zhu M, Manivannan A.",Frontiers in plant science,2026-09-03,,10.3389/fpls.2026.1911787,https://doi.org/10.3389/fpls.2026.1911787,trichome*; development; single-cell; spatial transcriptom*,Europe PMC
"Methods: imaging, biosensors, microfluidics",7.5,Rapid detection of apparent amylose in rice using microfluidic paper-based analytical devices based on Ce-UiO66 with high oxidase-like activity.,"Li Y, Wang J, Zhang P, Xia Z, Luo Z, Yang J.",Analytical and bioanalytical chemistry,2026-09-24,,10.1007/s00216-026-06805-7,https://doi.org/10.1007/s00216-026-06805-7,H2O2; microfluidic*,Europe PMC
"Methods: imaging, biosensors, microfluidics",7.5,"phyB photobodies display molecular memory, regulating light signaling transcriptional states through phase separation","Igiebor, F., Wuerthner, L., Stamm, F., Haque, S., Havlicek, O., Schmidt, J., Cetiner, M., Zubcic, I., Heliel, O., Saunders, L. M., Graf, I. R., van Gelderen, K.",bioRxiv,2026-09-10,yes,10.64898/2026.09.06.749697,https://doi.org/10.64898/2026.09.06.749697,signaling; nucleus; cotyledon*; development; live imaging; confocal; spatial transcriptom*,Europe PMC
"Methods: imaging, biosensors, microfluidics",7.5,Construction of on-demand lignin-based nano-delivery system via microfluidic technology: Enabling low-cost transportation and storage of pesticide formulations.,"Qi J, Guo Z, Wang Z, Fan H, Wu X, Fang J, Li H.",International journal of biological macromolecules,2026-09-29,,10.1016/j.ijbiomac.2026.154661,https://doi.org/10.1016/j.ijbiomac.2026.154661,seed*; growth; development; microfluidic*,Europe PMC
"Methods: imaging, biosensors, microfluidics",7.5,RRQuant: High-throughput quantification of Arabidopsis hypocotyl epidermal integrity,"Bogdziewiez L, Lisica L, Baba AI, Erguvan Ö, Heymans A, Atakhani A, Sjölander J, Demes-Causse E, Rigaud A, Verger S",Quantitative Plant Biology,2026,,10.1017/qpb.2026.10053,https://doi.org/10.1017/qpb.2026.10053,hypocotyl*; seed*; epiderm*; growth; image analysis; segmentation; deep learning,Crossref
"Methods: imaging, biosensors, microfluidics",7.0,A Scalable Droplet Microfluidic Platform That Overcomes Large-Cell Constraints for Long-Term Plant Cell Culture and Embryogenesis Analysis.,"Mirmiran A, Shao F, Datto G, Joshi T, Chatt E, Bashirzadeh Y, Stessman D, Wei L, Hsieh K, Guo H, Wang TH.","Advanced science (Weinheim, Baden-Wurttemberg, Germany)",2026-09-27,,10.1002/advs.77936,https://doi.org/10.1002/advs.77936,embryo*; microfluidic*; microscop*; single-cell,Europe PMC
"Methods: imaging, biosensors, microfluidics",7.0,Carbohydrate-Mediated Cellular Uptake of Boronic Acid Hybrids In Cellulo and Insulin-Deficient Zebrafish: Live Imaging and Application of Multiphoton FLIM.,"Ge H, Fossey JS, Calatayud DG, Flower SE, Wang S, Aitessaid H, Tvardauskaite M, Dudzic J, Jewell M, Pourzand C, Botchway SW, Gurevich D, James TD, Pascu SI.","Advanced science (Weinheim, Baden-Wurttemberg, Germany)",2026-09-10,,10.1002/advs.77481,https://doi.org/10.1002/advs.77481,organelle*; live imaging; confocal; microscop*,Europe PMC
"Methods: imaging, biosensors, microfluidics",7.0,Cell Biology of Botrytis: Live-Cell Imaging Techniques and Protein Localization Protocols.,"Suraj HM, Fleissner A, van Kan JAL.","Methods in molecular biology (Clifton, N.J.)",2027-01-01,,10.1007/978-1-0716-5551-1_6,https://doi.org/10.1007/978-1-0716-5551-1_6,Botrytis; live-cell imaging; microscop*,Europe PMC
"Methods: imaging, biosensors, microfluidics",7.0,"A FRET-based color-changing whole-cell biosensor for visual detection of 2,4-dinitrotoluene.","Nishimura K, Nonoda H, Nakajima S, Hirao S, Akimoto T.",Analytical methods : advancing methods and applications,2026-09-21,,10.1039/d6ay01454b,https://doi.org/10.1039/d6ay01454b,biosensor*; FRET,Europe PMC
"Methods: imaging, biosensors, microfluidics",6.5,Growth-rate coordination across the width of a leaf preserves its flatness.,"Harline K, Lane B, Zimmermann MJ, Fruleux A, Mosca G, Strauss S, Tavakolian N, Satterlee JW, Li CB, Singh A, Boudaoud A, Smith RS, Roeder AHK.",PLoS biology,2026-09-08,,10.1371/journal.pbio.3003993,https://doi.org/10.1371/journal.pbio.3003993,leaf; leaves; growth; live imaging; time-lapse,Europe PMC
"Methods: imaging, biosensors, microfluidics",6.5,High-resolution microscopy of whole plant cells reveals virus-induced changes to intercellular connectivity,"Reagan, B. C., Angermeier, A., Nuzzi, S. P., Alazem, M. R., Zanini, A. A., Lugo Saaverda, A., Nichols, C. W., Rotkina, L., Czymmek, K. J., Burch-Smith, T. M.",bioRxiv,2026-09-29,yes,10.64898/2026.09.28.755083,https://doi.org/10.64898/2026.09.28.755083,trafficking; plasmodesmat*; leaves; live-cell imaging; microscop*,Europe PMC
"Methods: imaging, biosensors, microfluidics",6.5,Application of optical probes for imaging analysis under cadmium-selenium stress in the environment and biosystems: a review.,"Pang Y, Zhou L.",The Analyst,2026-09-08,,10.1039/d6an00706f,https://doi.org/10.1039/d6an00706f,cadmium; roots; leaves; development; microfluidic*,Europe PMC
"Methods: imaging, biosensors, microfluidics",6.0,Microfluidic Process Intensification for the Synthesis of Nitrogen-Containing Bio-Based Polyols via Aminolysis of Epoxidized Soybean Oil.,"Yang K, Li X, Wang J, Sun Z, Chen Y, Qiu J, Cheng Q.",Polymers,2026-09-11,,10.3390/polym18182217,https://doi.org/10.3390/polym18182217,microfluidic*,Europe PMC
"Methods: imaging, biosensors, microfluidics",6.0,Competitive Displacement Fluorescence Biosensor Based on Aptamer-Peptide Conjugates for Simultaneous Detection of Pb 2+ and Cd 2+ in Rice,"Hao L, Han J, Sha J, Jin X, Peng K, Xu F.",Research Square,2026-09-12,yes,10.21203/rs.3.rs-10811416/v1,https://doi.org/10.21203/rs.3.rs-10811416/v1,heavy metal*; cadmium; biosensor*,Europe PMC
"Methods: imaging, biosensors, microfluidics",6.0,EISCA and EISTA: Full-Spectrum Pipelines for Single-Cell and Spatial Transcriptomics Analysis,"Wu H, Lister A, Macaulay I, Long K, Uauy C, Lan Y, Wickham GJ, Swarbreck D, Videm P, Stubbs A, Soranzo N, de Waard - van Baardwijk M, Nilchi AN, Papatheodorou I.",bioRxiv,2026-09-07,yes,10.64898/2026.09.02.748851,https://doi.org/10.64898/2026.09.02.748851,immun*; single-cell; spatial transcriptom*,Europe PMC
"Methods: imaging, biosensors, microfluidics",6.0,A multiplexed wearable microfluidic platform for non-invasive sweat-inspired monitoring of plant guttation biomarkers,"Xue B, Huang Z, Li Z, Sun X, Shen Z, Luo J, Ren K, Zhang W, Yang R, Xiao X, Su X, Liu S, Ge A, Li J, Dharmasena I, Lew TTS, Wu C",Nature Communications,2026-10-01,,10.1038/s41467-026-77955-6,https://doi.org/10.1038/s41467-026-77955-6,microfluidic*,Crossref
Plant-microbe interactions and immunity,27.5,Medicinal-plant immunity and specialized metabolism in plant-pathogen interactions: mechanisms and applications.,"Khalil AAK, Bae H.",Planta,2026-09-27,,10.1007/s00425-026-05176-8,https://doi.org/10.1007/s00425-026-05176-8,calcium; ROS; reactive oxygen species; kinase*; MAPK*; signaling; receptor*; abscisic acid; ABA; ethylene; jasmon*; JA; salicylic acid; immun*; PTI; ETI; pattern recognition receptor*; PRR*; NLR*; effector*; pathogen*; elicitor*; microbiome*,Europe PMC
Plant-microbe interactions and immunity,27.0,Plant immune co-receptors: bridging gaps toward next-generation crop defense.,"Mudasir M, Shahzad A.",Stress biology,2026-09-17,,10.1007/s44154-026-00338-w,https://doi.org/10.1007/s44154-026-00338-w,calcium; Ca2+; ROS; reactive oxygen species; kinase*; receptor kinase*; MAPK*; signaling; receptor*; brassinosteroid*; immun*; PTI; ETI; pattern recognition receptor*; PRR*; NLR*; effector*; pathogen*; defense; plasma membrane; embryo*,Europe PMC
Plant-microbe interactions and immunity,22.5,SOBIR1 Integrates Pathogen Recognition and Hormonal Metabolism in Nicotiana tabacum.,"Janotík A, Zapletalová M, Bouhidel K, Fromentin J, Lišková M, Novák D, Petřík I, Novák O, Mikulik J, Strnad J, Šmeringai J, Pernisová M, Leborgne-Castel N, Lochman J.",Plant physiology,2026-09-23,,10.1093/plphys/kiag707,https://doi.org/10.1093/plphys/kiag707,ROS; reactive oxygen species; kinase*; receptor-like kinase*; signaling; receptor*; cytokinin*; jasmon*; salicylic acid; phytohormone*; immun*; pathogen*; Pseudomonas syringae; Botrytis; Phytophthora; elicitor*; cell wall*; meristem*; hypocotyl*; CRISPR,Europe PMC
Plant-microbe interactions and immunity,19.5,Arabidopsis cysteine protease RD19 limits RBOHD-generated ROS production in pattern triggered immunity,"Hessler G, Mantz M, Locci F, Bautor J, Huesgen PF, Parker JE.",bioRxiv,2026-10-05,yes,10.64898/2026.10.02.755912,https://doi.org/10.64898/2026.10.02.755912,ROS; Rboh*; receptor*; immun*; PTI; ETI; flg22; effector*; pathogen*; defence; plasma membrane,Europe PMC
Plant-microbe interactions and immunity,19.0,Unfolded Protein Response signaling restricts PTI and limits salicylic acid-dependent cell death under ER stress,"Cehulova, V., Antonova, A., Leontovycova, H., Burketova, L., Ducloy, A., Azzopardi, M., Cacas, J.-L., Kalachova, T.",bioRxiv,2026-10-06,yes,10.64898/2026.10.02.755983,https://doi.org/10.64898/2026.10.02.755983,reactive oxygen species; signaling; salicylic acid; immun*; PTI; PAMP*; flg22; pathogen*; Pseudomonas syringae; defense; endoplasmic reticulum; ER; leaf,Europe PMC
Plant-microbe interactions and immunity,17.5,"Protein–protein interaction network analysis of the phaseolus vulgaris factorome reveals AP2/ERF, WRKY, and NAC as key regulators in defense against colletotrichum lindemuthianum race 65","Oliveira EdS, Pereira WA.",Research Square,2026-09-12,yes,10.21203/rs.3.rs-10551443/v1,https://doi.org/10.21203/rs.3.rs-10551443/v1,reactive oxygen species; kinase*; receptor-like kinase*; signaling; receptor*; ethylene; jasmon*; JA; salicylic acid; immun*; PTI; ETI; PAMP*; effector*; defense; stress respon*; cell wall*,Europe PMC
Plant-microbe interactions and immunity,17.0,The rice cellulose synthase-like D4 gene (OsCSLD4) is required for resistance to Xanthomonas pv. oryzae.,"Shi L, Li G, Chern M, Jain R, Ronald PC.",PeerJ,2026-09-09,,10.7717/peerj.21562,https://doi.org/10.7717/peerj.21562,ROS; reactive oxygen species; kinase*; MAPK*; phosphoryl*; signaling; receptor*; immun*; pathogen*; Xanthomonas; defense; cell wall*; leaves; development,Europe PMC
Plant-microbe interactions and immunity,16.5,Decoding the rhizosphere immune signaling network: Microbiome-driven modulation of plant immunity and disease resistance.,"Sun S, Li J, Liu L, Li Z, Wang Y, Li H, Ullah MW.",Microbiological research,2026-09-12,,10.1016/j.micres.2026.128726,https://doi.org/10.1016/j.micres.2026.128726,signaling; receptor*; ethylene; jasmon*; JA; salicylic acid; strigolactone*; immun*; PTI; ETI; effector*; pathogen*; mycorrhiz*; microbiome*; defense; root,Europe PMC
Plant-microbe interactions and immunity,16.5,A bacterial effector triggers dual-layer plant immunity through interaction with cell-surface and intracellular proteins.,"Cai J, Wang L, Chen M, Li X, Qi Y, He H, Xu D, Valls M, Zhang Y, Yu F, Wu D.",Current biology : CB,2026-09-22,,10.1016/j.cub.2026.08.066,https://doi.org/10.1016/j.cub.2026.08.066,apoplast*; kinase*; receptor-like kinase*; RLK*; signaling; receptor*; brassinosteroid*; immun*; PTI; ETI; effector*; pathogen*; elicitor*,Europe PMC
Plant-microbe interactions and immunity,15.0,Lysin Motif Effectors Facilitate the Endophytic Colonization of Wheat by Sclerotinia sclerotiorum via Modulating Plant Immunity.,"Du Y, Ren H, Tang H, Chen Y, Wang J, Liu X, Xie J, Cheng J, Fu Y, Jiang D, Li B, Yu X.",Molecular plant pathology,2026-10-01,,10.1111/mpp.70355,https://doi.org/10.1111/mpp.70355,ROS; reactive oxygen species; MAPK*; immun*; chitin; effector*; pathogen*; endophyt*; leaves,Europe PMC
Plant-microbe interactions and immunity,15.0,Dissecting root-specific non-conventional effector-triggered immunity and its role in defense and shifting the microbiome.,"Tang X, Guan K, Meng P, Shao T, Zhang Y, Yin W, Xia X, Song Y.",Nature communications,2026-08-11,,10.1038/s41467-026-76375-w,https://doi.org/10.1038/s41467-026-76375-w,receptor*; immun*; ETI; flg22; Pep1; effector*; microbiome*; defense; root; roots; leaf; leaves,Europe PMC
Plant-microbe interactions and immunity,14.0,Dynamic Assembly and Multifunctional Roles of Plant Endophytic Microbiomes.,"Song J, Liu W, Sun Y, Shi J, Liu M, Dai Y, Zuo Y, Yao Q.",Microorganisms,2026-09-21,,10.3390/microorganisms14092118,https://doi.org/10.3390/microorganisms14092118,immun*; PTI; ETI; PAMP*; MAMP*; effector*; symbio*; microbiome*; endophyt*; nutrient*; growth; development,Europe PMC
Plant-microbe interactions and immunity,13.5,Iron as a principal mediator of dysbiosis prevention in the phyllosphere,"Webster, S. S., Xu, J., Kobayashi, M., Chen, T., Zhang, J., He, S. Y.",bioRxiv,2026-09-18,yes,10.64898/2026.09.16.751549,https://doi.org/10.64898/2026.09.16.751549,apoplast*; pH; signaling; receptor*; pattern recognition receptor*; PRR*; pathogen*; Pseudomonas syringae; microbiota; endophyt*; plasma membrane; trafficking; vesicle*; leaf; leaves,Europe PMC
Plant-microbe interactions and immunity,13.0,Hopeaphenol targets histidine kinase signaling across kingdoms to suppress bacterial virulence and potentiate plant immunity,"Kang, J., Yoo, N., Karasov, T., Thirumlaikumar, V. P., Story, L., Chung, E.-H., Skirycz, A.",bioRxiv : the preprint server for biology,2026-09-24,,,https://europepmc.org/article/PMC/PMC13622298,kinase*; signaling; receptor*; cytokinin*; immun*; PTI; ETI; effector*; pathogen*; Pseudomonas syringae; growth,Europe PMC
Plant-microbe interactions and immunity,13.0,"Plant-derived and microbial biostimulants in sustainable agriculture: mechanisms, applications, and challenges.","Alam P, Nazneen S, Azra BH, Albalawi T, Ahmad S, Faizan M.",Archives of microbiology,2026-09-15,,10.1007/s00203-026-05200-1,https://doi.org/10.1007/s00203-026-05200-1,signaling; phytohormone*; pathogen*; mycorrhiz*; microbiome*; endophyt*; defense; salinity; drought; nutrient*; heavy metal*; stress respon*; root; root architecture; growth,Europe PMC
Plant-microbe interactions and immunity,13.0,A helper NLR monitors catalytic perturbation of a vesicle trafficking regulator targeted by pathogen effectors,"Yuen, E. L. H., Eilmann, N., Wang, Y., Bozkurt, T. O.",bioRxiv,2026-10-07,yes,10.64898/2026.10.06.757045,https://doi.org/10.64898/2026.10.06.757045,signaling; receptor*; immun*; NLR*; effector*; pathogen*; Phytophthora; trafficking; vesicle*,Europe PMC
Plant-microbe interactions and immunity,13.0,A Ralstonia solanacearum effector RipAD perturbs aquaporin NbPIP oligomeric status to suppress plant immunity,"Nian B, Yuan S, Liu Y, Zhang Y, Li P, Lin Y, Xie J, Cheng J, Fu Y, Yu X, Jiang D, Li B",The Plant Journal,2026-10,,10.1111/tpj.71111,https://doi.org/10.1111/tpj.71111,ROS; reactive oxygen species; MAPK*; signaling; immun*; effector*; pathogen*; plasma membrane; nucleus,Crossref
Plant-microbe interactions and immunity,12.5,Bark beetle (Ips typographus) protein elicitors trigger temporally structured immune responses in Norway spruce (Picea abies) seedlings.,"Ramires M, Netherer S, Schebeck M, Ertl R, Ahmad M, Arc E, van Loo M, Trujillo-Moya C.",Frontiers in plant science,2026-09-08,,10.3389/fpls.2026.1911806,https://doi.org/10.3389/fpls.2026.1911806,signal transduction; signaling; immun*; pathogen*; elicitor*; defense; stem; bark; seed*,Europe PMC
Plant-microbe interactions and immunity,12.0,Differential ubiquitin modifications of ESCRT-I subunits VPS37-1 and VPS28-2 positively regulate plant immunity.,"Wang C, Zhang Y, Zhou B, Verma P, Zeng L.",The New phytologist,2026-09-29,,10.1111/nph.71590,https://doi.org/10.1111/nph.71590,signaling; receptor*; ubiquitin*; immun*; PTI; PAMP*; pattern recognition receptor*; pathogen*; Pseudomonas syringae; vacuol*,Europe PMC
Plant-microbe interactions and immunity,11.5,Comparative Transcriptomic Analysis of Potato and Tomato Responses to Botrytis cinerea Infection.,"Alvarez A, Giacri V, Taglioretti A, Reboledo G, Ponce de León I, Montesano M.","Plants (Basel, Switzerland)",2026-09-14,,10.3390/plants15182815,https://doi.org/10.3390/plants15182815,reactive oxygen species; signaling; ethylene; jasmon*; hormone*; effector*; pathogen*; Botrytis; defense; stress respon*; cell wall*; leaves,Europe PMC
Plant-microbe interactions and immunity,11.5,A Phytophthora effector hijacks host StKNOX3-StHUB1/2 complex to reprogram defense gene expression via histone monoubiquitination.,"Zhou J, Zhou X, Nie J, Qi Y, Liu L, Wu X, Zuo Y, Yu R, Guo L, Birch PRJ, Tian Z.",The Plant journal : for cell and molecular biology,2026-09-01,,10.1111/tpj.71112,https://doi.org/10.1111/tpj.71112,ubiquitin*; phytohormone*; immun*; effector*; Phytophthora; defense; stress respon*; cell wall*; nucleus; nuclear; growth; development,Europe PMC
Plant-microbe interactions and immunity,11.0,The Cyclophilin Effector TaCYPE1 From the Tomato Leaf Miner Tuta absoluta Suppresses Plant Immunity by Targeting Host RNA-Binding Proteins.,"Zhao Z, Li Q, Pu R, Zhang K, Dong Y, Zhang P.","Plant, cell & environment",2026-10-04,,10.1111/pce.70944,https://doi.org/10.1111/pce.70944,ROS; reactive oxygen species; immun*; PTI; effector*; defence; leaf,Europe PMC
Plant-microbe interactions and immunity,11.0,Perturbation of Spermine Homoeostasis Uncouples Hypersensitive Cell Death From Systemic Plant Immunity.,"Zhao J, Atanasov KE, Jauregui O, Alcázar R.","Plant, cell & environment",2026-09-27,,10.1111/pce.70927,https://doi.org/10.1111/pce.70927,ROS; reactive oxygen species; salicylic acid; hormone*; immun*; effector*; Pseudomonas syringae; defence; stress respon*,Europe PMC
Plant-microbe interactions and immunity,11.0,Blast fungus unconventional effector secretion sorting requires pre-Golgi compartment protein MoGrh1,"Dulal, N., Wilson, R. A.",bioRxiv,2026-10-07,yes,10.64898/2026.10.06.757164,https://doi.org/10.64898/2026.10.06.757164,immun*; effector*; pathogen*; nutrient*; ER; Golgi; autophagy; growth; live-cell imaging,Europe PMC
Plant-microbe interactions and immunity,11.0,Distinct Temporal Responses to Xanthomonas translucens Strains Shape Bacterial Leaf Streak Development in Triticale,"Hasan, F., Manan, F., Fernandez, E. C., Wu, S., Dhungana, B., Yan, C., Shi, G., Liu, Z., Liang, Z.",bioRxiv,2026-09-11,yes,10.64898/2026.09.07.749878,https://doi.org/10.64898/2026.09.07.749878,signaling; immun*; effector*; pathogen*; Xanthomonas; defense; cell wall*; leaf; development,Europe PMC
Plant-microbe interactions and immunity,11.0,A sunflower FLS2 guides reconstruction of recognition of a Xanthomonas flg22 escape variant across divergent FLS2 receptors,"Zhong, L., Wu, L., Cheng, Q.",bioRxiv,2026-10-08,yes,10.64898/2026.10.07.757162,https://doi.org/10.64898/2026.10.07.757162,receptor*; immun*; flg22; pathogen*; Xanthomonas,bioRxiv
Plant-microbe interactions and immunity,10.5,Light wavelength-specific regulation of hypersensitive response dynamics in tobacco plants during non-host interaction with Pseudomonas syringae pv. tomato.,"Devi SG, Khanh NV, Lee YH.",Plant signaling & behavior,2026-10-03,,10.1080/15592324.2026.2733228,https://doi.org/10.1080/15592324.2026.2733228,ROS; reactive oxygen species; immun*; pathogen*; Pseudomonas syringae; defense; cell wall*; leaves; growth,Europe PMC
Plant-microbe interactions and immunity,10.5,Subversion of plant endomembrane trafficking by a Plasmodiophora brassicae effector PbALE that recruits membrane components at the host-pathogen interface to aid in colonization.,"Hossain M, Tu J, Wei Y, Bonham-Smith PC, Todd CD.",The New phytologist,2026-10-04,,10.1111/nph.71595,https://doi.org/10.1111/nph.71595,receptor*; immun*; effector*; pathogen*; trafficking; organelle*; leaves; microscop*,Europe PMC
Plant-microbe interactions and immunity,10.5,A YopJ-family effector from Ralstonia solanacearum is associated with auxin-responsive transcriptional reprogramming and bacterial wilt suppression.,"Huang M, Li Y, Wu J, Zhu H, Liu J, Wang B, Tan X, Yu L, Li Q, Chen H, Du J, Song B.",Plant physiology,2026-09-28,,10.1093/plphys/kiag725,https://doi.org/10.1093/plphys/kiag725,signaling; auxin*; IAA; hormone*; immun*; ETI; effector*; pathogen*; defense; nucleus,Europe PMC
Plant-microbe interactions and immunity,10.5,Nuclear localization controls BED-NLR Xa1-mediated immunity in rice.,"Xu X, Liu B, Wang L, Li C, Wang Y, Yan J, Wang Q, Gupta A, Xu Z, Zou L, Chen G, Yang B.",The Plant cell,2026-10-03,,10.1093/plcell/koag305,https://doi.org/10.1093/plcell/koag305,Ca2+; receptor*; immun*; NLR*; effector*; Xanthomonas; nuclear,Europe PMC
Plant-microbe interactions and immunity,10.5,Cross-ribbon conformation defines peptide recognition in SCREW/CTNIP-NUT/HSL3 signalling.,"Wei X, Yao M, Zhao P, Zhang X, Zhang K, Hu W, Shi J, Guo S, Li R, Wang W, Xu Y, Guo S, Xu HE, Song CP.",Nature plants,2026-09-17,,10.1038/s41477-026-02376-8,https://doi.org/10.1038/s41477-026-02376-8,apoplast*; MAPK*; signalling; receptor*; ABA; PTI; MAMP*; pathogen*; defense; stoma*,Europe PMC
Plant-microbe interactions and immunity,10.5,"A Modular Fusion Protein Strategy Confers Broad-Spectrum Resistance Against Phytophthora infestans, Alternaria solani, and Ralstonia solanacearum.","Yang K, Wang R, Liu L, An K, Liu J, Wang L, Shan J, Li C, Qi L, Zheng L, Li X.","Journal of fungi (Basel, Switzerland)",2026-09-10,,10.3390/jof12090676,https://doi.org/10.3390/jof12090676,JA; immun*; PTI; PAMP*; MAMP*; pathogen*; Phytophthora; oomycete*; defense,Europe PMC
Plant-microbe interactions and immunity,10.5,"Integrated Functional Characterization of Hemileia vastatrix Effector Candidates Reveals Coordinated Immune Suppression, Sequential Deployment and Compartment-Specific Targeting.","Maia T, Marin-Ramirez G, Araujo MN, Zanardo LG, Brommonschenkel SH.",Molecular plant pathology,2026-09-01,,10.1111/mpp.70341,https://doi.org/10.1111/mpp.70341,immun*; PTI; ETI; effector*; pathogen*; nucleus; chloroplast*; leaf; development,Europe PMC
Plant-microbe interactions and immunity,10.5,Zoospore-derived extracellular vesicles in the flagellated stramenopile Phytophthora parasitica,"Kuhn, M.-L., Lupatelli, C., Madji Hounoum, B., Seassau, A., Gay, A.-S., Pagnotta, S., Orange, F., Bassani, I., Galiana, E.",bioRxiv,2026-09-13,yes,10.64898/2026.09.11.750887,https://doi.org/10.64898/2026.09.11.750887,immun*; pathogen*; Phytophthora; microbiota; nutrient*; cell wall*; plasma membrane; vesicle*; microscop*,Europe PMC
Plant-microbe interactions and immunity,10.5,Distinct targeting of 5mC and 6mA DNA methylation during the onset of Flg22‐induced immunity between Arabidopsis and rice,"Matthys J, Naessens I, Van Nieuwerburgh F, Ton J, Kyndt T",New Phytologist,2026-10-07,,10.1111/nph.71600,https://doi.org/10.1111/nph.71600,immun*; flg22; Pseudomonas syringae; elicitor*; defence,Crossref
Plant-microbe interactions and immunity,10.0,Effector-host networks in the barley powdery mildew pathosystem reveal significant targeting of ubiquitin-associated proteins and transcriptional regulators,"Elmore JM, Velasquez-Zapata V, Fuerst G, Smith SD, Mueller M, Goebel Z, Byal A, Moscou MJ, Wise RP.",bioRxiv,2026-10-05,yes,10.64898/2026.10.01.756047,https://doi.org/10.64898/2026.10.01.756047,kinase*; signaling; receptor*; ubiquitin*; immun*; NLR*; effector*; pathogen*; trafficking; vesicle*,Europe PMC
Plant-microbe interactions and immunity,10.0,"α-1,3-Glucan Is Required for Cell Wall Integrity and Full Virulence of Colletotrichum graminicola, but Not for Evasion of PAMP-Triggered Immunity.","Gase I, Aliyeva-Schnorr L, Melzer M, Ott M, Haufe J, Menzel M, Engelsdorf T, Rohrbach C, de Oliveira Silva A, Voll LM, Mickel AS, Groß M, Wakayama M, Deising HB.",Molecular microbiology,2026-09-10,,10.1111/mmi.70114,https://doi.org/10.1111/mmi.70114,immun*; PAMP*; pathogen*; cell wall*; leaf; leaves; growth; development,Europe PMC
Plant-microbe interactions and immunity,10.0,A Rhamnogalacturonan Acetylesterase Effector FsRGAE1 Enhances the Virulence of Fusarium sacchari by Localizing to the Nucleus and Suppressing Plant Immunity.,"Li H, Xu S, Chen Y, Zhang H, Tang Y, Li Y, Xiao S, Hu Q.","Journal of fungi (Basel, Switzerland)",2026-08-26,,10.3390/jof12090638,https://doi.org/10.3390/jof12090638,ROS; immun*; effector*; pathogen*; nucleus; nuclear; growth,Europe PMC
Plant-microbe interactions and immunity,10.0,Methyl-HLH-30/TFEB orchestrates holistic intestinal recuperation against bacterial pore-forming toxin intoxication via TTC38 in metazoans.,"Hsieh HC, Cheng YL, Wu CC, Luk CKJ, Weng YH, Chiu TH, Chang SW, Chang TW, Gu YN, Ruan JW, Lee TM, Wang S, Chen PL, Aroian RV, Chen CS.",Autophagy,2026-09-23,,10.1080/15548627.2026.2735736,https://doi.org/10.1080/15548627.2026.2735736,calmodulin*; immun*; ETI; effector*; defense; nutrient*; plasma membrane; microtubul*; FRET; microscop*,Europe PMC
Plant-microbe interactions and immunity,9.5,Lipopolysaccharide-induced plasma membrane hyperpolarization in Chara corallina and Arabidopsis thaliana : evolutionary conservation of bacterial elicitor perception across the streptophyte lineage,"Baudin, L., Keller de Schleitheim, T., Bouteau, F.",bioRxiv,2026-09-13,yes,10.64898/2026.09.10.750543,https://doi.org/10.64898/2026.09.10.750543,membrane potential; signaling; immun*; MAMP*; elicitor*; plasma membrane,Europe PMC
Plant-microbe interactions and immunity,9.0,Transcriptome Analysis of Populus tomentosa Reveals Molecular Mechanisms of Jasmonate Signaling Pathway on Arsenic Tolerance Induced by Arbuscular Mycorrhizal Fungi.,"Zhang Q, Yang W, Su J, Lv W, Wang L, Xu S, Chang Q, Gong M.",Biology,2026-09-18,,10.3390/biology15181653,https://doi.org/10.3390/biology15181653,signal transduction; signaling; jasmon*; JA; mycorrhiz*; symbio*; defense; root; shoot*; seed*; growth,Europe PMC
Plant-microbe interactions and immunity,9.0,Engineering chromatin to encode transcriptional immune memory in Arabidopsis,"Xu, L., Binenbaum, J., Walkowiak, B., Taylor, H., Adamkova, V., Harris, C. J.",bioRxiv,2026-09-14,yes,10.64898/2026.09.10.750729,https://doi.org/10.64898/2026.09.10.750729,immun*; flg22; pathogen*; Pseudomonas syringae; elicitor*,Europe PMC
Plant-microbe interactions and immunity,9.0,"A Pmk1-Regulated Mst12-Bip1 Network Coordinates Appressorium Function, Effector Deployment, and Invasive Growth by Magnaporthe oryzae","Molinari, C., Sahu, N., Ryder, L. S., Yan, X., Geshkovski, V., Nobori, T., Talbot, N. J.",bioRxiv,2026-09-14,yes,10.64898/2026.09.11.750954,https://doi.org/10.64898/2026.09.11.750954,kinase*; phosphoryl*; effector*; pathogen*; cell wall*; leaf; growth; development; morphogen*,Europe PMC
Plant-microbe interactions and immunity,9.0,SARD1 and CBP60g redundantly regulate N-hydroxypipecolic acid- and salicylic acid-dependent systemic immunity but are dispensable for the activation of indolic defense metabolism.,"Perrar M, Gross M, Petzsch P, Köhrer K, Zeier J.",The Plant journal : for cell and molecular biology,2026-09-01,,10.1111/tpj.71130,https://doi.org/10.1111/tpj.71130,H2O2; signaling; salicylic acid; immun*; pathogen*; defense; leaves,Europe PMC
Plant-microbe interactions and immunity,9.0,Transcriptional activation of plant immunity by salicylic acid.,"Zhang S, Gish M, Li H, Hinds TR, Mao H, Cornell M, Silvetti M, Klucas S, Vorauer C, Mundorff CC, Yadav S, Guttman M, Zheng N.",Nature,2026-09-16,,10.1038/s41586-026-11021-5,https://doi.org/10.1038/s41586-026-11021-5,kinase*; signalling; receptor*; salicylic acid; hormone*; immun*; pathogen*; defence; microscop*,Europe PMC
Plant-microbe interactions and immunity,9.0,Biotic Elicitors and Nitric Oxide Synergistically Enhance Innate Immunity and Secondary Metabolite Production in Catharanthus roseus,"Paul A, Chakraborty N, Das P, Sarkar A, Acharya K.",Plant Pathology,2026-05-01,,,https://europepmc.org/article/AGR/IND609489674,reactive oxygen species; signalling; immun*; effector*; pathogen*; elicitor*; defence; leaf; growth,Europe PMC
Plant-microbe interactions and immunity,9.0,TRANSPORTIN1 coordinates plant immune activation by mediating nuclear import of ADR1 helper NLRs,"Li J, Huang J, Jin Y, Sklenar J, Jones JDG, Guo H.",The Plant Cell,2026-09-19,,10.1093/plcell/koag290,https://doi.org/10.1093/plcell/koag290,receptor*; immun*; NLR*; effector*; plasma membrane; nucleus; nuclear,Crossref
Plant-microbe interactions and immunity,9.0,Elicitor-Mediated Enhancement of Secondary-Metabolite Biosynthesis in Juniperus (Cupressaceae): Current Advances and Future Perspectives.,"Orken A, Tussipkan D, Manabayeva SA.","Plants (Basel, Switzerland)",2026-08-25,,10.3390/plants15172593,https://doi.org/10.3390/plants15172593,signaling; jasmon*; JA; MeJA; salicylic acid; elicitor*; growth; development,Europe PMC
Plant-microbe interactions and immunity,9.0,Apoplast multi‐omics profiling during fungal infection uncovers new players of basal and early induced immunity in Arabidopsis thaliana,"Davière A, Jolivet S, Auger A, Clement G, Boutet S, Totozafy JC, Balliau T, Blein‐Nicolas M, Rouffet J, Soulié M, Fagard M",New Phytologist,2026-10-07,,10.1111/nph.71596,https://doi.org/10.1111/nph.71596,apoplast*; signalling; immun*; effector*; pathogen*; Botrytis; nuclear,Crossref
Plant-microbe interactions and immunity,8.5,A TurboID-based proximity labelling method for detecting extracellular protein interactions in plants,"Qutb, A. M., Szymansky, C.-M., Kettles, G. J.",bioRxiv,2026-09-23,yes,10.64898/2026.09.22.753433,https://doi.org/10.64898/2026.09.22.753433,apoplast*; receptor*; immun*; effector*; pathogen*; Phytophthora; elicitor*; defence; leaf,Europe PMC
Plant-microbe interactions and immunity,8.5,Trichoderma controls bacterial blight caused by Xanthomonas axonopodis pv. passiflorae in Passiflora edulis.,"Brito ND, de Novaes QS, Hermosa R, Rubio MB.",Frontiers in fungal biology,2026-09-18,,10.3389/ffunb.2026.1920680,https://doi.org/10.3389/ffunb.2026.1920680,ROS; ethylene; jasmon*; JA; salicylic acid; pathogen*; Xanthomonas; defense; growth,Europe PMC
Plant-microbe interactions and immunity,8.5,Endophytic Biostimulant Pyrroloquinoline Quinone Enhances Banana Growth and Primes Immunity Against Fusarium Wilt,"Hung SW, Yu M, Liu C, Huang T, Peng J, Jang N, Kuo C, Yang Y, Ho Y, Chiang EI, Hwang H, Huang C.",Physiologia Plantarum,2026-01-01,,,https://europepmc.org/article/AGR/IND609487753,phosphoryl*; signalling; phytohormone*; immun*; pathogen*; endophyt*; defence; root; shoot*; growth; development,Europe PMC
Plant-microbe interactions and immunity,8.5,"MeMLO12 Impairs Cassava Resistance to Xanthomonas axonopodis pv. manihotis by Repressing Reactive Oxygen Species, Callose Deposition, and Defense Hormone Pathways","Qin R, Li C, Li B, Shi T, Wang G, Huang G, Geng M.",Plant Disease,2026-03-01,,,https://europepmc.org/article/AGR/IND609521962,reactive oxygen species; signaling; jasmon*; salicylic acid; hormone*; immun*; Xanthomonas; defense; nucleus,Europe PMC
Plant-microbe interactions and immunity,8.5,LC–MS/MS‐Based Targeted Flavonoid Profiling and FNSII Gene Expression in Ziziphora clinopodioides: The Role of Precursors and Elicitors,"Taheri A, Taheri S, Ganjeali A, Moshtaghi N, Arefi‐Oskouie A, Cheniany M.",Physiologia Plantarum,2026-01-01,,,https://europepmc.org/article/AGR/IND609463087,jasmon*; MeJA; salicylic acid; elicitor*; roots; shoot*; growth,Europe PMC
Plant-microbe interactions and immunity,8.0,A bacterial effector targets a chromatin-associated regulator to suppress plant immunity,"Yu G, Wang Y, Ouyang Y, Ge D, Chen K, Liu M, Jiang L, Shi F, Sun X.",Research Square,2026-09-22,yes,10.21203/rs.3.rs-10728838/v1,https://doi.org/10.21203/rs.3.rs-10728838/v1,immun*; PAMP*; effector*; Pseudomonas syringae; defense; nuclear,Europe PMC
Plant-microbe interactions and immunity,8.0,Engineering plant tandem kinase immune receptors expands effector recognition profiles.,"Yu DS, Zdrzałek R, Katayama E, Akiyama H, Daykin L, Williams NJ, Goodridge I, Asuke S, Banfield MJ.",Science advances,2026-09-23,,10.1126/sciadv.aef2426,https://doi.org/10.1126/sciadv.aef2426,kinase*; receptor*; immun*; NLR*; effector*,Europe PMC
Plant-microbe interactions and immunity,8.0,Differential Susceptibility and HR-Like Resistance Responses in Arabidopsis thaliana to Colletotrichum coccodes and Colletotrichum scovillei.,"Nguyen NK, Pham AC, Liu D, Hwang BK, Jwa NS.",Molecular plant-microbe interactions : MPMI,2026-09-15,,10.1094/mpmi-05-26-0040-sc,https://doi.org/10.1094/mpmi-05-26-0040-sc,reactive oxygen species; signaling; jasmon*; salicylic acid; immun*; pathogen*; defense; plasma membrane; leaves; development,Europe PMC
Plant-microbe interactions and immunity,8.0,"Endophyte-mediated pest resistance: mechanisms, evidence gaps, and translational opportunities.","Dey Roy S, Chatterjee D, Thakur R, Bhattacharya S, Mukhopadhyay AK, Mondal P, Pramanik A, Chatterjee H.",Frontiers in microbiomes,2026-08-24,,10.3389/frmbi.2026.1881416,https://doi.org/10.3389/frmbi.2026.1881416,signaling; ethylene; jasmon*; salicylic acid; immun*; microbiome*; endophyt*; defense,Europe PMC
Plant-microbe interactions and immunity,8.0,Aflatoxin-associated hepatocarcinogenesis in a changing climate: the gut microbiome as a missing link in the One Health framework.,"Oyedokun PA, Owolabi VP, Oyedokun MD, Ndako JA, Adegbola PI, Oyedokun NA.",Naunyn-Schmiedeberg's archives of pharmacology,2026-09-28,,10.1007/s00210-026-05921-6,https://doi.org/10.1007/s00210-026-05921-6,membrane potential; phosphoryl*; signaling; immun*; NLR*; microbiome*; mitochondri*,Europe PMC
Plant-microbe interactions and immunity,8.0,DeepEffector: A Protein Language Model-Driven Deep Learning Framework for Effector Prediction in Fungi and Oomycetes.,"Li T, Meng Q, Wang D, Hu F, Zhang R, Chi X, Li J, Wang T, Li H.",Plant physiology,2026-09-16,,10.1093/plphys/kiag691,https://doi.org/10.1093/plphys/kiag691,immun*; effector*; pathogen*; oomycete*; deep learning,Europe PMC
Plant-microbe interactions and immunity,8.0,‘ Candidatus Liberibacter asiaticus’ secretory protein SDE5640 activates host autophagy dependent on PSMD10 to mediate PBA1 degradation,"Mei Y, Deng X, Yang Z, Fu S, Zhou C, Wang X",The Plant Journal,2026-10,,10.1111/tpj.71147,https://doi.org/10.1111/tpj.71147,ubiquitin*; salicylic acid; immun*; effector*; pathogen*; Pseudomonas syringae; stress respon*; autophagy,Crossref
Plant-microbe interactions and immunity,7.5,Light signaling-driven plant-microbiome interactions.,"Li X, Peng Y, Yang X, Huang S, Liu H.",Current opinion in plant biology,2026-09-09,,10.1016/j.pbi.2026.102963,https://doi.org/10.1016/j.pbi.2026.102963,signaling; immun*; microbiome*; defense; cell wall*; stoma*; growth; development,Europe PMC
Plant-microbe interactions and immunity,7.5,A built-in brake for plant immunity: Resistance (R) protein-mediated immunity is fine-tuned by R gene analogs.,"Nie J, Liu L, Qi Y, Zhu C, Liu Z, Wu X, Zhou J, Wu J, Xu M, Li H, Sun X, Fan M, Yu R, Qiu H, Sun Q, Liu S, Birch PRJ, Tian Z.",Science advances,2026-09-16,,10.1126/sciadv.aeh7029,https://doi.org/10.1126/sciadv.aeh7029,signaling; immun*; NLR*; effector*; pathogen*; Phytophthora; plasma membrane,Europe PMC
Plant-microbe interactions and immunity,7.5,Symbiotic interactions of plant microbiota in alleviating stress: a review.,"Prasad SS, Singh A, Ramteke P, Veres C, Büchner R, Vágvölgyi C.",Frontiers in plant science,2026-09-17,,10.3389/fpls.2026.1892395,https://doi.org/10.3389/fpls.2026.1892395,signaling; symbio*; microbiome*; microbiota; defense; nutrient*; growth; development,Europe PMC
Plant-microbe interactions and immunity,7.5,"NLA proteins: Master regulators that integrate nutrient homeostasis, stress adaptation, and plant development.","Wu T, Yang Z, Kant S, Shi L, Hu C.",Journal of experimental botany,2026-09-18,,10.1093/jxb/erag476,https://doi.org/10.1093/jxb/erag476,signaling; ubiquitin*; jasmon*; immun*; pathogen*; defense; cold stress; nutrient*; development,Europe PMC
Plant-microbe interactions and immunity,7.5,Toxic metals differentially affect bacterial and fungal seed endophytes in Arabidopsis arenosa.,"Domka A, Aziz A, Jędrzejczyk RJ, Kutinova O, Kosowicz W, Pliszko A, Rozpądek P, Ważny R.",Microbiome,2026-07-27,,10.1186/s40168-026-02497-4,https://doi.org/10.1186/s40168-026-02497-4,microbiota; endophyt*; heavy metal*; seed*; germination; growth; development,Europe PMC
Plant-microbe interactions and immunity,7.5,Symbiont effectors modulate plant signalling to increase host stress resilience.,"Rehneke L, Osborne R, Lehmann S, Zhang Y, Roberts J, Altmann S, Köpff E, Eichmann R, Falter-Braun P, Shan W, Schäfer P.",Plant physiology,2026-09-08,,10.1093/plphys/kiag664,https://doi.org/10.1093/plphys/kiag664,signalling; effector*; pathogen*; symbio*; stress respon*; growth,Europe PMC
Plant-microbe interactions and immunity,7.5,The Ubiquitin-Proteasome System Plays Dual Roles in Plant Antiviral Defense and Viral Pathogenicity.,"Chu Z, Wang D, Zhang W, Chen J, Yan F, Rao S.","Plants (Basel, Switzerland)",2026-08-29,,10.3390/plants15172648,https://doi.org/10.3390/plants15172648,signal transduction; signaling; ubiquitin*; immun*; effector*; pathogen*; defense,Europe PMC
Plant-microbe interactions and immunity,7.5,"Functional Roles of Arbuscular Mycorrhizal Fungi and Plant Growth-Promoting Rhizobacteria in Pistachio: Implications for Stress Tolerance, Nutrient Acquisition and Disease Suppression.","Vera L, Retamal-Salgado J, Tortella G, Santoyo G, Schoebitz M.","Plants (Basel, Switzerland)",2026-08-24,,10.3390/plants15172575,https://doi.org/10.3390/plants15172575,signaling; mycorrhiz*; microbiome*; defense; salinity; drought; nutrient*; growth,Europe PMC
Plant-microbe interactions and immunity,7.5,OsIDD7 integrates signaling networks for arbuscular mycorrhizal symbiosis.,"Chen PJ, Tu YT, Chang YT, Ho MC, Kuo WN, Guo ZL, Chang KC, Lin YZ, Shih HC, Cheng YS, Yang SY.",Nature communications,2026-08-31,,10.1038/s41467-026-77162-3,https://doi.org/10.1038/s41467-026-77162-3,signaling; mycorrhiz*; symbio*; phosphate starvation; nutrient*; roots; development,Europe PMC
Plant-microbe interactions and immunity,7.5,Dual-action MINPP1 effectors enable Riptortus pedestris to overcome phytic acid antinutritional defense and suppress pattern-triggered immunity.,"Yang Y, Zhou X, Ding L, Zhang Y, Zhang Q, Ai G, Yin Z, Shen D, Dong Y, Xia J, Xia A.",Insect science,2026-09-25,,10.1111/1744-7917.70369,https://doi.org/10.1111/1744-7917.70369,phosphatase*; immun*; PTI; effector*; elicitor*; defense; seed*; growth,Europe PMC
Plant-microbe interactions and immunity,7.5,"Elevated CO2 Drives Cadmium Phytostabilization in the Robinia pseudoacacia-Rhizobia Symbiosis by Altering Cadmium Bioavailability, Nutrient Uptake and Antioxidant Systems.","Wang X, Wang R, Lin S, Ma M, Zhu S.",Toxics,2026-08-26,,10.3390/toxics14090752,https://doi.org/10.3390/toxics14090752,rhizobi*; symbio*; nutrient*; heavy metal*; cadmium; root; roots; growth,Europe PMC
Plant-microbe interactions and immunity,7.5,Clearing the Noise: Seasonal Dynamics of Endophytic Bacteria in Fagus sylvatica Leaves Revealed by Application of PNA Clamps,"Giubilei I, Turco S, Cardacino A, Mahawar L, Albrectsen BR, Mazzaglia A.",Physiologia Plantarum,2026-01-01,,,https://europepmc.org/article/AGR/IND609487787,microbiome*; endophyt*; nutrient*; chloroplast*; mitochondri*; leaf; leaves; development,Europe PMC
Plant-microbe interactions and immunity,7.5,A self-limiting dimeric TIR effector specialised for type III CRISPR-mediated immunity,"Sun, Y., McMahon, S., Snyowsky, S., White, M. F.",bioRxiv,2026-09-18,yes,10.64898/2026.09.16.751991,https://doi.org/10.64898/2026.09.16.751991,receptor*; second messenger*; immun*; effector*; defence; CRISPR,Europe PMC
Plant-microbe interactions and immunity,7.0,Enhanced eugenol biosynthesis through GmEGS overexpression confers broad-spectrum pathogen protection in soybean.,"Zhang M, Yang S, Xu N, Li J, Liu L, Zhang Y, Ding B, Liu T, Wang M, Yang B, Duan K, Wang Y.",Journal of integrative plant biology,2026-09-16,,10.1111/jipb.70396,https://doi.org/10.1111/jipb.70396,immun*; PAMP*; flg22; chitin; pathogen*; Phytophthora; oomycete*; defense; germination; growth,Europe PMC
Plant-microbe interactions and immunity,7.0,The plant specific Histone Lysine Demethylase MtPKDM9B mediates the root nodule symbiosis by controlling H3K27me3 levels and expression of symbiotic genes,"Ferrari, M., Yacullo, M., Traubenik, S., Ibarra, E., Blanco, F. A., Reynoso, M., Zanetti, M. E.",bioRxiv,2026-09-17,yes,10.64898/2026.09.12.750751,https://doi.org/10.64898/2026.09.12.750751,ubiquitin*; auxin*; rhizobi*; symbio*; root; flowering; development,Europe PMC
Plant-microbe interactions and immunity,7.0,Proteomic and metabolomic profiling depicts the functional landscape of the Medicago truncatula symbiosome.,"Wu J, Fan Z, Yang L, Liu J, Tian J, Zhang X, Kong Z.",Cell reports,2026-09-10,,10.1016/j.celrep.2026.117972,https://doi.org/10.1016/j.celrep.2026.117972,receptor*; rhizobi*; symbio*; cell wall*; trafficking; organelle*; root,Europe PMC
Plant-microbe interactions and immunity,7.0,Fusarium pseudograminearum Effector FpSP5 Is Recognized as a PAMP and Also Contributes to Virulence during Infection.,"Wang X, Liu Z, Zan F, Zhang Y, Li Y, Chen C, Liu Z, Wang Z, Wang L, Li H, Ding S, Li H.",Journal of agricultural and food chemistry,2026-09-01,,10.1021/acs.jafc.6c05734,https://doi.org/10.1021/acs.jafc.6c05734,oxidative burst; immun*; PTI; PAMP*; effector*; pathogen*; defense,Europe PMC
Plant-microbe interactions and immunity,7.0,From invitation to eviction: How plants control arbuscular mycorrhizal symbiosis.,"Korai M, Korai SK, Khan S, Li S, Zulfiqar U, Alotaibi MS, Abdusamatov S, Rakhmatov A, Shah MA, Sun Y.",Plant signaling & behavior,2026-09-16,,10.1080/15592324.2026.2733232,https://doi.org/10.1080/15592324.2026.2733232,signaling; immun*; mycorrhiz*; symbio*; nutrient*; root; shoot*,Europe PMC
Plant-microbe interactions and immunity,7.0,The pathogenic effector PHYL1JWB interacts with ZjCURT1A to mediate jujube witches' broom-induced photosynthesis impairment of jujube trees.,"Huang F, Ai C, Yang C, Feng J, Yang M, Dai L, Xue C, Li H, Cui J, Qu X, Zhao J, Liu M, Zhao X, Liu Z.",The Plant journal : for cell and molecular biology,2026-09-01,,10.1111/tpj.71104,https://doi.org/10.1111/tpj.71104,ubiquitin*; effector*; pathogen*; chloroplast*; leaf; growth,Europe PMC
Plant-microbe interactions and immunity,7.0,Endophytic entomopathogenic fungi remodel phyllosphere microbiome and metabolome to suppress Spodoptera frugiperda and enhance parasitoid biocontrol,"Yang Z, Han Z, Zou X, Shen X, Ji X, Li D, Huang Y, Yu Y, Chen S, Wang F, Yu X, Yang M.",Research Square,2026-09-08,yes,10.21203/rs.3.rs-10765463/v1,https://doi.org/10.21203/rs.3.rs-10765463/v1,microbiome*; microbiota; endophyt*; leaf; seed*; growth; development,Europe PMC
Plant-microbe interactions and immunity,7.0,Glycan recognition by a plant damage-sensing immune receptor.,"Jiménez-Sandoval P, Kentish O, Broyart C, Lee HK, Culjak K, Osswald U, Aitouguinane M, Tettamanti E, Schmidli M, Zhang L, Maier LP, Roussin-Léveillée C, Berlanga DJ, Martin-Dacal M, Torres MA, Kumar V, Fernández-Calvo P, Jimenez-Gomez JM, Reymond P, Macho AP, Pfrengle F, Jordá L, Molina A, Santiago J.","Science (New York, N.Y.)",2026-09-10,,10.1126/science.aec6740,https://doi.org/10.1126/science.aec6740,receptor*; immun*; DAMP*; pathogen*; defense; cell wall*,Europe PMC
Plant-microbe interactions and immunity,7.0,A splicing checkpoint licenses resistosome assembly.,"Annang RN, Sun S, Jones JDG.",Molecular cell,2026-09-01,,10.1016/j.molcel.2026.08.020,https://doi.org/10.1016/j.molcel.2026.08.020,receptor*; immun*; PTI; ETI; NLR*; effector*; pathogen*,Europe PMC
Plant-microbe interactions and immunity,7.0,Arbuscular mycorrhizal fungi enhance rose resistance to Lymantria dispar through JA-associated regulation of flavonoid biosynthesis.,"Liu Y, Lv Y, Jian J, Meng L, Yan J.",Mycorrhiza,2026-09-24,,10.1007/s00572-026-01318-8,https://doi.org/10.1007/s00572-026-01318-8,signaling; jasmon*; JA; hormone*; mycorrhiz*; symbio*; leaves; growth,Europe PMC
Plant-microbe interactions and immunity,7.0,Regulation of central carbon metabolism and storage polymers by PTSNtr in Rhizobium leguminosarum.,"Tjahjono O, Wang J, Turner E, Prell J, Huang WE, Poole PS, Sánchez-Cañizares C.",Applied and environmental microbiology,2026-09-30,,10.1128/aem.01073-26,https://doi.org/10.1128/aem.01073-26,kinase*; phosphoryl*; signaling; effector*; rhizobi*; symbio*; nutrient*; root; growth,Europe PMC
Plant-microbe interactions and immunity,7.0,Genetic differentiation and pathogenicity of diverse Xanthomonas oryzae pv. oryzae strains revealed by Whole Genome Sequencing,"Chen S, Zhang Y, Xing J, Liu L, Yu T, Yin F, Zhong Q, Li J, Zhang D, Xiao S, Wang B, Jiang C, Cheng Z, Chen L.",Research Square,2026-09-07,yes,10.21203/rs.3.rs-10457578/v1,https://doi.org/10.21203/rs.3.rs-10457578/v1,effector*; pathogen*; Xanthomonas; development; differentiation; CRISPR,Europe PMC
Plant-microbe interactions and immunity,6.5,Endophytic fungi isolated from coffee plants promote Arabidopsis thaliana growth and suppress soil-borne fungal pathogens.,"Saldaña-Morales BDR, Hernández-García V, León NDCR, Ríos-Velasco C, Pérez-Corral DA, Casas-Flores S, Salas-Marina MÁ.",Journal of microorganism control,2026-01-01,,10.4265/jmc.31.3_105,https://doi.org/10.4265/jmc.31.3_105,pathogen*; endophyt*; defense; roots; seed*; growth,Europe PMC
Plant-microbe interactions and immunity,6.5,Argonaute 15 regulates immunity of potato to filamentous pathogens through transposon-derived small RNAs,"Singh, S., Hu, X., Liao, Z., Hoden, K. P., Dixelius, C.",bioRxiv,2026-10-01,yes,10.64898/2026.09.25.754549,https://doi.org/10.64898/2026.09.25.754549,immun*; pathogen*; Phytophthora; defense; nuclear; leaf,Europe PMC
Plant-microbe interactions and immunity,6.5,Self-DNA acts as an immunostimulant for common bean (Phaseolus vulgaris) that induces defense against pests and diseases and increases seed yield.,"Durán-Flores D, Heil M.",Crop health,2026-09-08,,10.1007/s44297-026-00086-3,https://doi.org/10.1007/s44297-026-00086-3,signaling; jasmon*; salicylic acid; hormone*; immun*; pathogen*; defense; seed*,Europe PMC
Plant-microbe interactions and immunity,6.5,Pseudomonadaceae Promotes Tobacco Defense Against Pathogen Invasion via Root Exudate Reprogramming.,"Hong C, Sonne C, Li Y, Hua Z, Yang D, Dong Y, Cao F, Carrión VJ, Delgado-Baquerizo M, Li X.","Plant, cell & environment",2026-09-27,,10.1111/pce.70900,https://doi.org/10.1111/pce.70900,immun*; pathogen*; microbiome*; defense; root; growth,Europe PMC
Plant-microbe interactions and immunity,6.5,Two domesticated species of rice shaped the population structure of Xanthomonas oryzae pv. oryzae in Africa.,"Quibod IL, Sciallano C, Auguy F, Brottier L, Dereeper A, Diagne D, Diallo A, Doucouré H, Mayaki SI, Keita I, Konate L, Tall H, Tékété C, Zougrana S, Hutin M, Koita O, Kone D, Sarra S, Verdier V, Wonni I, Szurek B, Cunnac S, Pérez-Quintero AL.",PLoS pathogens,2026-09-17,,10.1371/journal.ppat.1014015,https://doi.org/10.1371/journal.ppat.1014015,effector*; pathogen*; Xanthomonas; leaf,Europe PMC
Plant-microbe interactions and immunity,6.5,Coffee phytobiome dynamics: integrating multitrophic interactions and plant physiology for climate-resilient production.,"Patil S, Rudragouda CS.",Frontiers in microbiology,2026-09-10,,10.3389/fmicb.2026.1951767,https://doi.org/10.3389/fmicb.2026.1951767,immun*; mycorrhiz*; microbiome*; endophyt*; nutrient*; root; root development; growth; development,Europe PMC
Plant-microbe interactions and immunity,6.5,Fungal Pathogen Activity and Stress‐Dependent Responses of Grapevine Wood to Esca and Drought,"Chambard M, Cantù D, Bortolami G, Dell'Acqua N, Ferrer N, Gambetta GA, Garcia JF, Gastou P, Massonnet M, Moretti S, Rochepeau A, Pétriacq P, Foulongne‐Oriol M, Delmas CEL.",Physiologia Plantarum,2026-01-01,,,https://europepmc.org/article/AGR/IND609487756,pathogen*; endophyt*; drought; stress respon*; leaf; growth,Europe PMC
Plant-microbe interactions and immunity,6.5,Seasonal variation and drought effects on colonization and community structure of arbuscular mycorrhizal fungi and dark septate endophytes in desert plants.,"Wang H, Sun L, Zhang Y.",Frontiers in plant science,2026-09-04,,10.3389/fpls.2026.1849641,https://doi.org/10.3389/fpls.2026.1849641,mycorrhiz*; endophyt*; drought; root; microscop*,Europe PMC
Plant-microbe interactions and immunity,6.5,Microbial partnerships and molecular mechanisms in plant stress physiology for climate-resilient and sustainable farming.,"Gelaw TA, Dagnaw AY, Abegaz B, Mullualem D, Biru TG, Oubaha B, Dimkić I, Yimer F, Sanan-Mishra N.",Planta,2026-09-08,,10.1007/s00425-026-05140-6,https://doi.org/10.1007/s00425-026-05140-6,reactive oxygen species; signaling; phytohormone*; immun*; symbio*; microbiome*; nutrient*; root,Europe PMC
Plant-microbe interactions and immunity,6.5,Protein-RNA control networks at the plant-pathogen interface.,"Zaman W, Ayaz A.",Planta,2026-09-07,,10.1007/s00425-026-05144-2,https://doi.org/10.1007/s00425-026-05144-2,signaling; receptor*; ubiquitin*; immun*; pattern recognition receptor*; pathogen*; defense; vesicle*; autophagy,Europe PMC
Plant-microbe interactions and immunity,6.5,"TGERa , an Allelic Variant of PERU , Acts as the Pep‐13 Receptor and Confers Enhanced Resistance to Phytophthora Pathogens in Plants","Fan X, Li D, Cheng L, Zhu Y, Han Y, Sun T.","Plant, Cell & Environment",2026-09-27,,10.1111/pce.70938,https://doi.org/10.1111/pce.70938,receptor*; PAMP*; pathogen*; Phytophthora,Crossref
Plant-microbe interactions and immunity,6.5,Microbiota-Mediated Sequential Gallery Colonization by Adults and Larvae of an Invasive Bark Beetle.,"Chen W, Meng Y, Meng G, Mai Y, Wu C, Liu D, Liu F, Sun J.",Integrative zoology,2026-09-28,,10.1111/1749-4877.70187,https://doi.org/10.1111/1749-4877.70187,symbio*; microbiota; endophyt*; defense; bark,Europe PMC
Plant-microbe interactions and immunity,6.5,CRISPR-Cas9 Genome Editing in Mesorhizobium ciceri Through nodC Disruption for Chickpea Symbiosis Studies.,"Pasari N, Bhandhari N, Shruti, Kumar R, Yazdani SS, Sinharoy S.",Journal of visualized experiments : JoVE,2026-09-25,,10.3791/71513,https://doi.org/10.3791/71513,signaling; chitin; symbio*; microscop*; CRISPR,Europe PMC
Plant-microbe interactions and immunity,6.5,Genome-wide characterization of the JrCHI family and functional validation of JrCHI6 and JrCHI24 conferring resistance to Alternaria tenuissima in walnut.,"Li T, Chen W, Wang B, Wu X, Zhang C, Zhang M, Sun Y, Wang Y, Xue J, Wang X, He J, Wang B.",BMC plant biology,2026-09-05,,10.1186/s12870-026-09841-8,https://doi.org/10.1186/s12870-026-09841-8,signaling; jasmon*; JA; salicylic acid; hormone*; immun*; chitin; pathogen*; defense; leaf,Europe PMC
Plant-microbe interactions and immunity,6.0,Genome-wide identification and functional characterization of LBD transcription factors uncover their stress adaptation mechanisms in tobacco and eggplant.,"Wu T, Zhang B, Guo Q, Li Y, Li C, He Q, Chen D, Gu G, Chen A, Yang Z, Li W, Xie X.",Frontiers in plant science,2026-09-18,,10.3389/fpls.2026.1958148,https://doi.org/10.3389/fpls.2026.1958148,signaling; ABA; pathogen*; defense; stress respon*; nucleus; roots; stems,Europe PMC
Plant-microbe interactions and immunity,6.0,A photostable version of HY5 confers tolerance to proximity shade and improved defense responses in tomato,"Burbano-Erazo, E., Dich, J., Vidal-Tur, M., Simon-Moya, M., Locascio, A., Francesca, S., Rigano, M. M., Faize, M., MARTINEZ GARCIA, j., Rodriguez-Concepcion, M.",bioRxiv,2026-09-28,yes,10.64898/2026.09.25.754491,https://doi.org/10.64898/2026.09.25.754491,signaling; auxin*; hormone*; pathogen*; defense; hypocotyl*; seed*; growth; development,Europe PMC
Plant-microbe interactions and immunity,6.0,Genotype-Specific Interactions Between Wheat and Rhizosphere Microbiome Under Drought Stress.,"Wang H, Hao R, Gao X, Yang W, Ma Q, Zhang L, Zheng R, Wu H.","Plants (Basel, Switzerland)",2026-08-28,,10.3390/plants15172626,https://doi.org/10.3390/plants15172626,auxin*; microbiome*; drought; root; shoot*,Europe PMC
Plant-microbe interactions and immunity,6.0,Xanthomonas pateli sp. nov. and X. hingoranii sp. nov. reveal a community of non-pathogenic Xanthomonas species complex in citrus,"Sharma, A., Patil, P. B.",bioRxiv,2026-09-17,yes,10.64898/2026.09.16.751628,https://doi.org/10.64898/2026.09.16.751628,pathogen*; Xanthomonas; microbiome*; endophyt*,Europe PMC
Plant-microbe interactions and immunity,6.0,Light Modulates Growth-Resistance-Quality Trade-Offs in Pseudostellaria Heterophylla via a Light-Induced Microbiota-Root-Shoot Axis.,"Tan Y, Jiang X, Ran J, Gao Y, Li Z, Xie X, Wang L, Wang Y, Ou X, Kang C, Guo L, Huang L, Zhou T, Yuan QS.","Plant, cell & environment",2026-09-23,,10.1111/pce.70897,https://doi.org/10.1111/pce.70897,pathogen*; microbiome*; microbiota; defence; root; leaf; shoot*; growth,Europe PMC
Plant-microbe interactions and immunity,6.0,A voyage of reprogrammable metabolic bioengineering reshapes plant defense: from editing tools to synthetic systems.,"Raghuraman P, Park S.",Frontiers in plant science,2026-08-26,,10.3389/fpls.2026.1842722,https://doi.org/10.3389/fpls.2026.1842722,signaling; jasmon*; immun*; defense; growth; development; deep learning; CRISPR,Europe PMC
Plant-microbe interactions and immunity,6.0,Apple rootstock (Malus domestica) root amendment with Sphingomonas strains affected host microbiota below and aboveground,"Xu C, Papp-Rupar M, Passey T, Deakin G, Xu X.",Research Square,2026-09-10,yes,10.21203/rs.3.rs-10092540/v1,https://doi.org/10.21203/rs.3.rs-10092540/v1,pathogen*; microbiome*; microbiota; root; roots; leaf,Europe PMC
Plant-microbe interactions and immunity,6.0,Phosphorus availability enriches Massilia in the root microbiome to enhance resistance against Sclerotinia sclerotiorum in rapeseed,"Dong X, Guo L, Chen H.",Molecular breeding,2026-06-01,,,https://europepmc.org/article/AGR/IND609509669,signaling; jasmon*; JA; immun*; pathogen*; microbiome*; microbiota; root; growth; development,Europe PMC
Plant-microbe interactions and immunity,6.0,Comparative Transcriptomics Reveals Constitutive Immunity and Divergent Defence Strategies in Wheat against Leaf Rust.,"Qian H, Zhang Y, Zhao J, Lu Y, Qin Z, Li M, Xing G, Zhang Y, Liu N, Cheng K, Zheng W, Song P.","Plant, cell & environment",2026-09-15,,10.1111/pce.70885,https://doi.org/10.1111/pce.70885,ROS; receptor*; hormone*; immun*; pathogen*; defence; leaf,Europe PMC
Plant-microbe interactions and immunity,6.0,Functional and proteomic characterization of Phytophthora nicotianae extracellular vesicles and putative cargo-sorting signals in filamentous pathogens.,"Nxumalo CI, Salasini BC, Maphosa S, Moleleki LN.",Frontiers in plant science,2026-09-11,,10.3389/fpls.2026.1899248,https://doi.org/10.3389/fpls.2026.1899248,ROS; immun*; pathogen*; Phytophthora; vesicle*; microscop*,Europe PMC
Plant-microbe interactions and immunity,6.0,Symbiotic interactions of dark septate endophytic fungi on shallot growth under drought stress.,"Seprianti CV, Listiyowati S, Surono.",Archives of microbiology,2026-09-26,,10.1007/s00203-026-05205-w,https://doi.org/10.1007/s00203-026-05205-w,symbio*; endophyt*; drought; root; leaf; growth,Europe PMC
Plant-microbe interactions and immunity,6.0,"Fermented agricultural by-products improve growth performance in indigenous chickens in association with altered ileal microbiota, microbial functional potential, and mucosal responses.","Chen S, Zhang S, Liu C, Wang K, Xu L, Cao Z.",Poultry science,2026-09-22,,10.1016/j.psj.2026.107839,https://doi.org/10.1016/j.psj.2026.107839,signaling; immun*; microbiota; nutrient*; cell wall*; growth,Europe PMC
Plant-microbe interactions and immunity,6.0,"Polyketide synthase gene clusters in the ericoid mycorrhizal fungus Oidiodendron maius: genome-wide prediction, expression profiling, and functional characterization of knockout mutants.","Belmondo S, Daghino S, Miyauchi S, Chiapello M, Shelest E, Bortolot M, Kohler A, Jacob C, Perotto S, Martino E.",Frontiers in plant science,2026-09-16,,10.3389/fpls.2026.1924430,https://doi.org/10.3389/fpls.2026.1924430,pathogen*; mycorrhiz*; symbio*; cadmium; stress respon*; growth,Europe PMC
Plant-microbe interactions and immunity,6.0,Combinatorial cis-regulatory elements shape temporal effector expression in Ustilago maydis.,"Saridis G, Werner J, Stein K, Huang L, Meyer U, Muelhoefer J, Singh NC, Doehlemann G.",Molecular plant pathology,2026-10-01,,10.1111/mpp.70358,https://doi.org/10.1111/mpp.70358,immun*; Pep1; effector*; pathogen*,Europe PMC
Plant-microbe interactions and immunity,6.0,"Current Single-cell Proteins as Ingredients: Functions, Challenges, and Regulatory Frameworks.","Park S, Kim T, Lee S, Kim P.",Journal of microbiology and biotechnology,2026-09-02,,10.4014/jmb.2606.06024,https://doi.org/10.4014/jmb.2606.06024,immun*; microbiota; stress respon*; cell wall*; development; single-cell,Europe PMC
Plant-microbe interactions and immunity,6.0,"Mangrove microbiomes: diversity, ecological functions, and applications.","Muñoz Puebla D, Mindiola-Reyes K, Nieto-Wigby J, Cevallos-Cevallos JM.",Frontiers in microbiology,2026-09-02,,10.3389/fmicb.2026.1908615,https://doi.org/10.3389/fmicb.2026.1908615,symbio*; microbiome*; salinity; nutrient*; heavy metal*,Europe PMC
Plant-microbe interactions and immunity,6.0,New concepts of chitosan-based mucosal formulations for supporting control of the gastric pathogen Helicobacter pylori.,"Jaroniek P, Połomska M, Chmiela M, Gonciarz W.",Frontiers in microbiology,2026-09-09,,10.3389/fmicb.2026.1937380,https://doi.org/10.3389/fmicb.2026.1937380,pH; receptor*; immun*; pathogen*; microbiota; stoma*,Europe PMC
Plant-microbe interactions and immunity,6.0,Cynaroside targets distinct metabolic pathways in gram-positive and gram-negative pathogenic bacteria: an integrated multi-omics study.,"Xia S, Liu D, Zhang H, Zhao K, Jiang M, Tao X.",Frontiers in microbiology,2026-08-26,,10.3389/fmicb.2026.1888286,https://doi.org/10.3389/fmicb.2026.1888286,phosphatase*; pathogen*; cell wall*; leaves; development; microscop*,Europe PMC
Plant-microbe interactions and immunity,6.0,Single-cell transcriptomic landscape of the southern green stink bug (Nezara viridula) midgut.,"Arya SK, Harrison DA, Palli SR.",Pest management science,2026-09-09,,10.1002/ps.71275,https://doi.org/10.1002/ps.71275,immun*; symbio*; defense; stem; stem cell*; single-cell,Europe PMC
Plant-microbe interactions and immunity,6.0,The AcMYB15-AcWRKY24 module coordinates lignin and salicylic acid accumulation during kiwifruit resistance to bacterial canker,"Wu S, Yue W, Chai W, Cheng J, Guo G, Hui D, Huang L, Chen G, Yin X, Huang Y, Liu P",Plant Physiology,2026-10-05,,10.1093/plphys/kiag737,https://doi.org/10.1093/plphys/kiag737,salicylic acid; pathogen*; Pseudomonas syringae; defense; leaves; stem; stems,Crossref
Plant-microbe interactions and immunity,6.0,AraVirusPPI: A protein language model-powered method for predicting Arabidopsis thaliana -virus protein-protein interactions,"Zhang S, Li J, Yuan M, Jiang L, Li Z, Wang C, Shi W, Zhang Z",Plant Physiology,2026-10-07,,10.1093/plphys/kiag755,https://doi.org/10.1093/plphys/kiag755,immun*; pathogen*; Pseudomonas syringae; leaf; development; machine learning,Crossref
